#! /c/Source/iverilog-install/bin/vvp
:ivl_version "12.0 (devel)" "(s20150603-1539-g2693dd32b)";
:ivl_delay_selection "TYPICAL";
:vpi_time_precision - 12;
:vpi_module "C:\iverilog\lib\ivl\system.vpi";
:vpi_module "C:\iverilog\lib\ivl\vhdl_sys.vpi";
:vpi_module "C:\iverilog\lib\ivl\vhdl_textio.vpi";
:vpi_module "C:\iverilog\lib\ivl\v2005_math.vpi";
:vpi_module "C:\iverilog\lib\ivl\va_math.vpi";
S_0000016c5e804830 .scope module, "tb_alu_8bit" "tb_alu_8bit" 2 6;
 .timescale -9 -12;
v0000016c5e88d080_0 .var "a", 7 0;
v0000016c5e88cf40_0 .var "b", 7 0;
v0000016c5e88d1c0_0 .net "carry_out", 0 0, v0000016c5e879350_0;  1 drivers
v0000016c5e88d120_0 .net "negative_flag", 0 0, L_0000016c5e8ee9a0;  1 drivers
v0000016c5e88d260_0 .var "op", 2 0;
v0000016c5e88d300_0 .net "result", 7 0, v0000016c5e88ce00_0;  1 drivers
v0000016c5e88d3a0_0 .net "zero_flag", 0 0, L_0000016c5e8ed3c0;  1 drivers
S_0000016c5e6d9100 .scope task, "show_result" "show_result" 2 25, 2 25 0, S_0000016c5e804830;
 .timescale -9 -12;
v0000016c5e7e94c0_0 .var "in_a", 7 0;
v0000016c5e7e8160_0 .var "in_b", 7 0;
v0000016c5e7e82a0_0 .var "in_op", 2 0;
v0000016c5e7e7e40_0 .var "op_name", 63 0;
TD_tb_alu_8bit.show_result ;
    %delay 10000, 0;
    %vpi_call 2 31 "$display", "OP: %s | A=%0d B=%0d | Result=%0d | Carry=%b | Zero=%b | Neg=%b", v0000016c5e7e7e40_0, v0000016c5e7e94c0_0, v0000016c5e7e8160_0, v0000016c5e88d300_0, v0000016c5e88d1c0_0, v0000016c5e88d3a0_0, v0000016c5e88d120_0 {0 0 0};
    %end;
S_0000016c5e6d9290 .scope module, "uut" "alu_8bit" 2 14, 3 15 0, S_0000016c5e804830;
 .timescale 0 0;
    .port_info 0 /INPUT 8 "a";
    .port_info 1 /INPUT 8 "b";
    .port_info 2 /INPUT 3 "op";
    .port_info 3 /OUTPUT 8 "result";
    .port_info 4 /OUTPUT 1 "carry_out";
    .port_info 5 /OUTPUT 1 "zero_flag";
    .port_info 6 /OUTPUT 1 "negative_flag";
L_0000016c5e7dce50 .functor NOT 8, v0000016c5e88cf40_0, C4<00000000>, C4<00000000>, C4<00000000>;
L_0000016c5e8a0288 .functor BUFT 1, C4<00000000>, C4<0>, C4<0>, C4<0>;
v0000016c5e8792b0_0 .net/2u *"_ivl_6", 7 0, L_0000016c5e8a0288;  1 drivers
v0000016c5e8789f0_0 .net "a", 7 0, v0000016c5e88d080_0;  1 drivers
v0000016c5e877af0_0 .net "add_cout", 0 0, L_0000016c5e88c040;  1 drivers
v0000016c5e877e10_0 .net "add_result", 7 0, L_0000016c5e89e8c0;  1 drivers
v0000016c5e878630_0 .net "b", 7 0, v0000016c5e88cf40_0;  1 drivers
v0000016c5e8786d0_0 .net "b_inv", 7 0, L_0000016c5e7dce50;  1 drivers
v0000016c5e879350_0 .var "carry_out", 0 0;
v0000016c5e877eb0_0 .net "negative_flag", 0 0, L_0000016c5e8ee9a0;  alias, 1 drivers
v0000016c5e877f50_0 .net "op", 2 0, v0000016c5e88d260_0;  1 drivers
v0000016c5e88ce00_0 .var "result", 7 0;
v0000016c5e88cfe0_0 .net "sub_cout", 0 0, L_0000016c5e8ed320;  1 drivers
v0000016c5e88cd60_0 .net "sub_result", 7 0, L_0000016c5e8faa60;  1 drivers
v0000016c5e88cea0_0 .net "zero_flag", 0 0, L_0000016c5e8ed3c0;  alias, 1 drivers
E_0000016c5e7cfe40/0 .event anyedge, v0000016c5e877f50_0, v0000016c5e870c50_0, v0000016c5e871010_0, v0000016c5e878950_0;
E_0000016c5e7cfe40/1 .event anyedge, v0000016c5e877a50_0, v0000016c5e871470_0, v0000016c5e870250_0;
E_0000016c5e7cfe40 .event/or E_0000016c5e7cfe40/0, E_0000016c5e7cfe40/1;
L_0000016c5e8ed3c0 .cmp/eq 8, v0000016c5e88ce00_0, L_0000016c5e8a0288;
L_0000016c5e8ee9a0 .part v0000016c5e88ce00_0, 7, 1;
S_0000016c5e6b62c0 .scope module, "adder_add" "manchester_carry_adder_8bit" 3 30, 4 18 0, S_0000016c5e6d9290;
 .timescale 0 0;
    .port_info 0 /INPUT 8 "a";
    .port_info 1 /INPUT 8 "b";
    .port_info 2 /INPUT 1 "cin";
    .port_info 3 /OUTPUT 8 "sum";
    .port_info 4 /OUTPUT 1 "cout";
L_0000016c5e8a01f8 .functor BUFT 1, C4<0>, C4<0>, C4<0>, C4<0>;
L_0000016c5e88dfb0 .functor BUFZ 1, L_0000016c5e8a01f8, C4<0>, C4<0>, C4<0>;
L_0000016c5e88eb10 .functor AND 1, L_0000016c5e886780, L_0000016c5e886820, C4<1>, C4<1>;
L_0000016c5e88da00 .functor OR 1, L_0000016c5e885b00, L_0000016c5e88eb10, C4<0>, C4<0>;
L_0000016c5e88d920 .functor AND 1, L_0000016c5e887680, L_0000016c5e887040, C4<1>, C4<1>;
L_0000016c5e88e950 .functor OR 1, L_0000016c5e886500, L_0000016c5e88d920, C4<0>, C4<0>;
L_0000016c5e88ee20 .functor AND 1, L_0000016c5e886dc0, L_0000016c5e885f60, C4<1>, C4<1>;
L_0000016c5e88ddf0 .functor AND 1, L_0000016c5e88ee20, L_0000016c5e886140, C4<1>, C4<1>;
L_0000016c5e88d760 .functor OR 1, L_0000016c5e88e950, L_0000016c5e88ddf0, C4<0>, C4<0>;
L_0000016c5e88e720 .functor AND 1, L_0000016c5e8863c0, L_0000016c5e887ae0, C4<1>, C4<1>;
L_0000016c5e88ef70 .functor OR 1, L_0000016c5e886280, L_0000016c5e88e720, C4<0>, C4<0>;
L_0000016c5e88ee90 .functor AND 1, L_0000016c5e886b40, L_0000016c5e8861e0, C4<1>, C4<1>;
L_0000016c5e88e790 .functor AND 1, L_0000016c5e88ee90, L_0000016c5e887360, C4<1>, C4<1>;
L_0000016c5e88d840 .functor OR 1, L_0000016c5e88ef70, L_0000016c5e88e790, C4<0>, C4<0>;
L_0000016c5e88ebf0 .functor AND 1, L_0000016c5e886320, L_0000016c5e887180, C4<1>, C4<1>;
L_0000016c5e88e020 .functor AND 1, L_0000016c5e88ebf0, L_0000016c5e887220, C4<1>, C4<1>;
L_0000016c5e88e090 .functor AND 1, L_0000016c5e88e020, L_0000016c5e886460, C4<1>, C4<1>;
L_0000016c5e88d7d0 .functor OR 1, L_0000016c5e88d840, L_0000016c5e88e090, C4<0>, C4<0>;
L_0000016c5e88e410 .functor AND 1, L_0000016c5e8859c0, L_0000016c5e8877c0, C4<1>, C4<1>;
L_0000016c5e88e100 .functor OR 1, L_0000016c5e885ba0, L_0000016c5e88e410, C4<0>, C4<0>;
L_0000016c5e88d8b0 .functor AND 1, L_0000016c5e887860, L_0000016c5e887540, C4<1>, C4<1>;
L_0000016c5e88ef00 .functor AND 1, L_0000016c5e88d8b0, L_0000016c5e8865a0, C4<1>, C4<1>;
L_0000016c5e88ec60 .functor OR 1, L_0000016c5e88e100, L_0000016c5e88ef00, C4<0>, C4<0>;
L_0000016c5e88d610 .functor AND 1, L_0000016c5e886c80, L_0000016c5e887900, C4<1>, C4<1>;
L_0000016c5e88e4f0 .functor AND 1, L_0000016c5e88d610, L_0000016c5e885c40, C4<1>, C4<1>;
L_0000016c5e88e560 .functor AND 1, L_0000016c5e88e4f0, L_0000016c5e8875e0, C4<1>, C4<1>;
L_0000016c5e88d990 .functor OR 1, L_0000016c5e88ec60, L_0000016c5e88e560, C4<0>, C4<0>;
L_0000016c5e88da70 .functor AND 1, L_0000016c5e885a60, L_0000016c5e8879a0, C4<1>, C4<1>;
L_0000016c5e88de60 .functor AND 1, L_0000016c5e88da70, L_0000016c5e8868c0, C4<1>, C4<1>;
L_0000016c5e88dae0 .functor AND 1, L_0000016c5e88de60, L_0000016c5e886a00, C4<1>, C4<1>;
L_0000016c5e88ecd0 .functor AND 1, L_0000016c5e88dae0, L_0000016c5e887a40, C4<1>, C4<1>;
L_0000016c5e88db50 .functor OR 1, L_0000016c5e88d990, L_0000016c5e88ecd0, C4<0>, C4<0>;
L_0000016c5e88ded0 .functor AND 1, L_0000016c5e886640, L_0000016c5e887c20, C4<1>, C4<1>;
L_0000016c5e88efe0 .functor OR 1, L_0000016c5e887b80, L_0000016c5e88ded0, C4<0>, C4<0>;
L_0000016c5e88ed40 .functor AND 1, L_0000016c5e8857e0, L_0000016c5e885e20, C4<1>, C4<1>;
L_0000016c5e88eb80 .functor AND 1, L_0000016c5e88ed40, L_0000016c5e886d20, C4<1>, C4<1>;
L_0000016c5e88e170 .functor OR 1, L_0000016c5e88efe0, L_0000016c5e88eb80, C4<0>, C4<0>;
L_0000016c5e88edb0 .functor AND 1, L_0000016c5e8854c0, L_0000016c5e885740, C4<1>, C4<1>;
L_0000016c5e88dbc0 .functor AND 1, L_0000016c5e88edb0, L_0000016c5e885560, C4<1>, C4<1>;
L_0000016c5e88e8e0 .functor AND 1, L_0000016c5e88dbc0, L_0000016c5e885600, C4<1>, C4<1>;
L_0000016c5e88e1e0 .functor OR 1, L_0000016c5e88e170, L_0000016c5e88e8e0, C4<0>, C4<0>;
L_0000016c5e88d4c0 .functor AND 1, L_0000016c5e8856a0, L_0000016c5e885880, C4<1>, C4<1>;
L_0000016c5e88e9c0 .functor AND 1, L_0000016c5e88d4c0, L_0000016c5e885920, C4<1>, C4<1>;
L_0000016c5e88e250 .functor AND 1, L_0000016c5e88e9c0, L_0000016c5e889de0, C4<1>, C4<1>;
L_0000016c5e88f050 .functor AND 1, L_0000016c5e88e250, L_0000016c5e888bc0, C4<1>, C4<1>;
L_0000016c5e88e2c0 .functor OR 1, L_0000016c5e88e1e0, L_0000016c5e88f050, C4<0>, C4<0>;
L_0000016c5e88d530 .functor AND 1, L_0000016c5e888120, L_0000016c5e888da0, C4<1>, C4<1>;
L_0000016c5e88e330 .functor AND 1, L_0000016c5e88d530, L_0000016c5e887f40, C4<1>, C4<1>;
L_0000016c5e88e480 .functor AND 1, L_0000016c5e88e330, L_0000016c5e889520, C4<1>, C4<1>;
L_0000016c5e88eaa0 .functor AND 1, L_0000016c5e88e480, L_0000016c5e888620, C4<1>, C4<1>;
L_0000016c5e88e640 .functor AND 1, L_0000016c5e88eaa0, L_0000016c5e88a380, C4<1>, C4<1>;
L_0000016c5e88d5a0 .functor OR 1, L_0000016c5e88e2c0, L_0000016c5e88e640, C4<0>, C4<0>;
L_0000016c5e88e6b0 .functor AND 1, L_0000016c5e889e80, L_0000016c5e8889e0, C4<1>, C4<1>;
L_0000016c5e88e800 .functor OR 1, L_0000016c5e8890c0, L_0000016c5e88e6b0, C4<0>, C4<0>;
L_0000016c5e88e870 .functor AND 1, L_0000016c5e889200, L_0000016c5e888800, C4<1>, C4<1>;
L_0000016c5e88f130 .functor AND 1, L_0000016c5e88e870, L_0000016c5e889b60, C4<1>, C4<1>;
L_0000016c5e88f3d0 .functor OR 1, L_0000016c5e88e800, L_0000016c5e88f130, C4<0>, C4<0>;
L_0000016c5e88f0c0 .functor AND 1, L_0000016c5e8888a0, L_0000016c5e889160, C4<1>, C4<1>;
L_0000016c5e88f2f0 .functor AND 1, L_0000016c5e88f0c0, L_0000016c5e888760, C4<1>, C4<1>;
L_0000016c5e88f1a0 .functor AND 1, L_0000016c5e88f2f0, L_0000016c5e8886c0, C4<1>, C4<1>;
L_0000016c5e88f210 .functor OR 1, L_0000016c5e88f3d0, L_0000016c5e88f1a0, C4<0>, C4<0>;
L_0000016c5e88f360 .functor AND 1, L_0000016c5e889840, L_0000016c5e887fe0, C4<1>, C4<1>;
L_0000016c5e88f280 .functor AND 1, L_0000016c5e88f360, L_0000016c5e88a1a0, C4<1>, C4<1>;
L_0000016c5e893780 .functor AND 1, L_0000016c5e88f280, L_0000016c5e888e40, C4<1>, C4<1>;
L_0000016c5e894200 .functor AND 1, L_0000016c5e893780, L_0000016c5e889fc0, C4<1>, C4<1>;
L_0000016c5e893ef0 .functor OR 1, L_0000016c5e88f210, L_0000016c5e894200, C4<0>, C4<0>;
L_0000016c5e894660 .functor AND 1, L_0000016c5e888940, L_0000016c5e888080, C4<1>, C4<1>;
L_0000016c5e895070 .functor AND 1, L_0000016c5e894660, L_0000016c5e888580, C4<1>, C4<1>;
L_0000016c5e893fd0 .functor AND 1, L_0000016c5e895070, L_0000016c5e888a80, C4<1>, C4<1>;
L_0000016c5e894740 .functor AND 1, L_0000016c5e893fd0, L_0000016c5e8881c0, C4<1>, C4<1>;
L_0000016c5e894890 .functor AND 1, L_0000016c5e894740, L_0000016c5e888c60, C4<1>, C4<1>;
L_0000016c5e894970 .functor OR 1, L_0000016c5e893ef0, L_0000016c5e894890, C4<0>, C4<0>;
L_0000016c5e893f60 .functor AND 1, L_0000016c5e889ca0, L_0000016c5e887d60, C4<1>, C4<1>;
L_0000016c5e893be0 .functor AND 1, L_0000016c5e893f60, L_0000016c5e8892a0, C4<1>, C4<1>;
L_0000016c5e8938d0 .functor AND 1, L_0000016c5e893be0, L_0000016c5e888d00, C4<1>, C4<1>;
L_0000016c5e894190 .functor AND 1, L_0000016c5e8938d0, L_0000016c5e888ee0, C4<1>, C4<1>;
L_0000016c5e894f90 .functor AND 1, L_0000016c5e894190, L_0000016c5e889d40, C4<1>, C4<1>;
L_0000016c5e894430 .functor AND 1, L_0000016c5e894f90, L_0000016c5e888260, C4<1>, C4<1>;
L_0000016c5e894c80 .functor OR 1, L_0000016c5e894970, L_0000016c5e894430, C4<0>, C4<0>;
L_0000016c5e8949e0 .functor AND 1, L_0000016c5e8883a0, L_0000016c5e889ac0, C4<1>, C4<1>;
L_0000016c5e893e80 .functor OR 1, L_0000016c5e888300, L_0000016c5e8949e0, C4<0>, C4<0>;
L_0000016c5e8944a0 .functor AND 1, L_0000016c5e88a240, L_0000016c5e888b20, C4<1>, C4<1>;
L_0000016c5e893d30 .functor AND 1, L_0000016c5e8944a0, L_0000016c5e88a060, C4<1>, C4<1>;
L_0000016c5e894b30 .functor OR 1, L_0000016c5e893e80, L_0000016c5e893d30, C4<0>, C4<0>;
L_0000016c5e894040 .functor AND 1, L_0000016c5e888f80, L_0000016c5e889020, C4<1>, C4<1>;
L_0000016c5e8934e0 .functor AND 1, L_0000016c5e894040, L_0000016c5e889f20, C4<1>, C4<1>;
L_0000016c5e893c50 .functor AND 1, L_0000016c5e8934e0, L_0000016c5e888440, C4<1>, C4<1>;
L_0000016c5e894900 .functor OR 1, L_0000016c5e894b30, L_0000016c5e893c50, C4<0>, C4<0>;
L_0000016c5e893e10 .functor AND 1, L_0000016c5e889340, L_0000016c5e8884e0, C4<1>, C4<1>;
L_0000016c5e893860 .functor AND 1, L_0000016c5e893e10, L_0000016c5e887cc0, C4<1>, C4<1>;
L_0000016c5e8940b0 .functor AND 1, L_0000016c5e893860, L_0000016c5e889980, C4<1>, C4<1>;
L_0000016c5e8937f0 .functor AND 1, L_0000016c5e8940b0, L_0000016c5e8893e0, C4<1>, C4<1>;
L_0000016c5e895000 .functor OR 1, L_0000016c5e894900, L_0000016c5e8937f0, C4<0>, C4<0>;
L_0000016c5e8942e0 .functor AND 1, L_0000016c5e889480, L_0000016c5e8895c0, C4<1>, C4<1>;
L_0000016c5e893550 .functor AND 1, L_0000016c5e8942e0, L_0000016c5e88a100, C4<1>, C4<1>;
L_0000016c5e894a50 .functor AND 1, L_0000016c5e893550, L_0000016c5e889660, C4<1>, C4<1>;
L_0000016c5e894510 .functor AND 1, L_0000016c5e894a50, L_0000016c5e889700, C4<1>, C4<1>;
L_0000016c5e894120 .functor AND 1, L_0000016c5e894510, L_0000016c5e88a2e0, C4<1>, C4<1>;
L_0000016c5e8943c0 .functor OR 1, L_0000016c5e895000, L_0000016c5e894120, C4<0>, C4<0>;
L_0000016c5e894270 .functor AND 1, L_0000016c5e8897a0, L_0000016c5e8898e0, C4<1>, C4<1>;
L_0000016c5e893940 .functor AND 1, L_0000016c5e894270, L_0000016c5e887e00, C4<1>, C4<1>;
L_0000016c5e894350 .functor AND 1, L_0000016c5e893940, L_0000016c5e889a20, C4<1>, C4<1>;
L_0000016c5e8939b0 .functor AND 1, L_0000016c5e894350, L_0000016c5e889c00, C4<1>, C4<1>;
L_0000016c5e893cc0 .functor AND 1, L_0000016c5e8939b0, L_0000016c5e88a420, C4<1>, C4<1>;
L_0000016c5e894580 .functor AND 1, L_0000016c5e893cc0, L_0000016c5e887ea0, C4<1>, C4<1>;
L_0000016c5e8945f0 .functor OR 1, L_0000016c5e8943c0, L_0000016c5e894580, C4<0>, C4<0>;
L_0000016c5e8946d0 .functor AND 1, L_0000016c5e88b0a0, L_0000016c5e88c680, C4<1>, C4<1>;
L_0000016c5e893a20 .functor AND 1, L_0000016c5e8946d0, L_0000016c5e88a740, C4<1>, C4<1>;
L_0000016c5e894cf0 .functor AND 1, L_0000016c5e893a20, L_0000016c5e88c5e0, C4<1>, C4<1>;
L_0000016c5e893da0 .functor AND 1, L_0000016c5e894cf0, L_0000016c5e88a600, C4<1>, C4<1>;
L_0000016c5e8947b0 .functor AND 1, L_0000016c5e893da0, L_0000016c5e88af60, C4<1>, C4<1>;
L_0000016c5e894820 .functor AND 1, L_0000016c5e8947b0, L_0000016c5e88c9a0, C4<1>, C4<1>;
L_0000016c5e894ac0 .functor AND 1, L_0000016c5e894820, L_0000016c5e88b1e0, C4<1>, C4<1>;
L_0000016c5e893a90 .functor OR 1, L_0000016c5e8945f0, L_0000016c5e894ac0, C4<0>, C4<0>;
L_0000016c5e894ba0 .functor AND 1, L_0000016c5e88cae0, L_0000016c5e88baa0, C4<1>, C4<1>;
L_0000016c5e894c10 .functor OR 1, L_0000016c5e88b3c0, L_0000016c5e894ba0, C4<0>, C4<0>;
L_0000016c5e893b00 .functor AND 1, L_0000016c5e88c720, L_0000016c5e88cb80, C4<1>, C4<1>;
L_0000016c5e894d60 .functor AND 1, L_0000016c5e893b00, L_0000016c5e88c220, C4<1>, C4<1>;
L_0000016c5e894dd0 .functor OR 1, L_0000016c5e894c10, L_0000016c5e894d60, C4<0>, C4<0>;
L_0000016c5e893b70 .functor AND 1, L_0000016c5e88c2c0, L_0000016c5e88bc80, C4<1>, C4<1>;
L_0000016c5e894e40 .functor AND 1, L_0000016c5e893b70, L_0000016c5e88b280, C4<1>, C4<1>;
L_0000016c5e894eb0 .functor AND 1, L_0000016c5e894e40, L_0000016c5e88bb40, C4<1>, C4<1>;
L_0000016c5e894f20 .functor OR 1, L_0000016c5e894dd0, L_0000016c5e894eb0, C4<0>, C4<0>;
L_0000016c5e8935c0 .functor AND 1, L_0000016c5e88c900, L_0000016c5e88b320, C4<1>, C4<1>;
L_0000016c5e893630 .functor AND 1, L_0000016c5e8935c0, L_0000016c5e88a880, C4<1>, C4<1>;
L_0000016c5e8936a0 .functor AND 1, L_0000016c5e893630, L_0000016c5e88ad80, C4<1>, C4<1>;
L_0000016c5e893710 .functor AND 1, L_0000016c5e8936a0, L_0000016c5e88b460, C4<1>, C4<1>;
L_0000016c5e8950e0 .functor OR 1, L_0000016c5e894f20, L_0000016c5e893710, C4<0>, C4<0>;
L_0000016c5e895380 .functor AND 1, L_0000016c5e88b000, L_0000016c5e88b500, C4<1>, C4<1>;
L_0000016c5e8951c0 .functor AND 1, L_0000016c5e895380, L_0000016c5e88c360, C4<1>, C4<1>;
L_0000016c5e895230 .functor AND 1, L_0000016c5e8951c0, L_0000016c5e88a560, C4<1>, C4<1>;
L_0000016c5e8952a0 .functor AND 1, L_0000016c5e895230, L_0000016c5e88a4c0, C4<1>, C4<1>;
L_0000016c5e895310 .functor AND 1, L_0000016c5e8952a0, L_0000016c5e88b820, C4<1>, C4<1>;
L_0000016c5e8953f0 .functor OR 1, L_0000016c5e8950e0, L_0000016c5e895310, C4<0>, C4<0>;
L_0000016c5e895150 .functor AND 1, L_0000016c5e88a6a0, L_0000016c5e88ca40, C4<1>, C4<1>;
L_0000016c5e89ed90 .functor AND 1, L_0000016c5e895150, L_0000016c5e88bdc0, C4<1>, C4<1>;
L_0000016c5e89e850 .functor AND 1, L_0000016c5e89ed90, L_0000016c5e88bbe0, C4<1>, C4<1>;
L_0000016c5e89eee0 .functor AND 1, L_0000016c5e89e850, L_0000016c5e88b140, C4<1>, C4<1>;
L_0000016c5e89e2a0 .functor AND 1, L_0000016c5e89eee0, L_0000016c5e88b640, C4<1>, C4<1>;
L_0000016c5e89fce0 .functor AND 1, L_0000016c5e89e2a0, L_0000016c5e88b5a0, C4<1>, C4<1>;
L_0000016c5e89e310 .functor OR 1, L_0000016c5e8953f0, L_0000016c5e89fce0, C4<0>, C4<0>;
L_0000016c5e89f1f0 .functor AND 1, L_0000016c5e88aa60, L_0000016c5e88b6e0, C4<1>, C4<1>;
L_0000016c5e89eaf0 .functor AND 1, L_0000016c5e89f1f0, L_0000016c5e88cc20, C4<1>, C4<1>;
L_0000016c5e89f2d0 .functor AND 1, L_0000016c5e89eaf0, L_0000016c5e88b780, C4<1>, C4<1>;
L_0000016c5e89ea80 .functor AND 1, L_0000016c5e89f2d0, L_0000016c5e88a9c0, C4<1>, C4<1>;
L_0000016c5e89f0a0 .functor AND 1, L_0000016c5e89ea80, L_0000016c5e88b8c0, C4<1>, C4<1>;
L_0000016c5e89ef50 .functor AND 1, L_0000016c5e89f0a0, L_0000016c5e88a920, C4<1>, C4<1>;
L_0000016c5e89f030 .functor AND 1, L_0000016c5e89ef50, L_0000016c5e88bd20, C4<1>, C4<1>;
L_0000016c5e89f110 .functor OR 1, L_0000016c5e89e310, L_0000016c5e89f030, C4<0>, C4<0>;
L_0000016c5e89e5b0 .functor AND 1, L_0000016c5e88c7c0, L_0000016c5e88a7e0, C4<1>, C4<1>;
L_0000016c5e89e9a0 .functor AND 1, L_0000016c5e89e5b0, L_0000016c5e88c400, C4<1>, C4<1>;
L_0000016c5e89f9d0 .functor AND 1, L_0000016c5e89e9a0, L_0000016c5e88b960, C4<1>, C4<1>;
L_0000016c5e89e540 .functor AND 1, L_0000016c5e89f9d0, L_0000016c5e88be60, C4<1>, C4<1>;
L_0000016c5e89f730 .functor AND 1, L_0000016c5e89e540, L_0000016c5e88ba00, C4<1>, C4<1>;
L_0000016c5e89e4d0 .functor AND 1, L_0000016c5e89f730, L_0000016c5e88bf00, C4<1>, C4<1>;
L_0000016c5e89efc0 .functor AND 1, L_0000016c5e89e4d0, L_0000016c5e88c860, C4<1>, C4<1>;
L_0000016c5e89f180 .functor AND 1, L_0000016c5e89efc0, L_0000016c5e88bfa0, C4<1>, C4<1>;
L_0000016c5e89e620 .functor OR 1, L_0000016c5e89f110, L_0000016c5e89f180, C4<0>, C4<0>;
L_0000016c5e89e8c0 .functor XOR 8, L_0000016c5e886e60, L_0000016c5e88c4a0, C4<00000000>, C4<00000000>;
v0000016c5e85c450_0 .net *"_ivl_101", 0 0, L_0000016c5e886140;  1 drivers
v0000016c5e85be10_0 .net *"_ivl_102", 0 0, L_0000016c5e88ddf0;  1 drivers
v0000016c5e85ae70_0 .net *"_ivl_104", 0 0, L_0000016c5e88d760;  1 drivers
v0000016c5e85b910_0 .net *"_ivl_109", 0 0, L_0000016c5e886280;  1 drivers
v0000016c5e85cd10_0 .net *"_ivl_111", 0 0, L_0000016c5e8863c0;  1 drivers
v0000016c5e85af10_0 .net *"_ivl_113", 0 0, L_0000016c5e887ae0;  1 drivers
v0000016c5e85cbd0_0 .net *"_ivl_114", 0 0, L_0000016c5e88e720;  1 drivers
v0000016c5e85beb0_0 .net *"_ivl_116", 0 0, L_0000016c5e88ef70;  1 drivers
v0000016c5e85d210_0 .net *"_ivl_119", 0 0, L_0000016c5e886b40;  1 drivers
v0000016c5e85bff0_0 .net *"_ivl_121", 0 0, L_0000016c5e8861e0;  1 drivers
v0000016c5e85c3b0_0 .net *"_ivl_122", 0 0, L_0000016c5e88ee90;  1 drivers
v0000016c5e85b050_0 .net *"_ivl_125", 0 0, L_0000016c5e887360;  1 drivers
v0000016c5e85d170_0 .net *"_ivl_126", 0 0, L_0000016c5e88e790;  1 drivers
v0000016c5e85b870_0 .net *"_ivl_128", 0 0, L_0000016c5e88d840;  1 drivers
v0000016c5e85ca90_0 .net *"_ivl_131", 0 0, L_0000016c5e886320;  1 drivers
v0000016c5e85c130_0 .net *"_ivl_133", 0 0, L_0000016c5e887180;  1 drivers
v0000016c5e85b9b0_0 .net *"_ivl_134", 0 0, L_0000016c5e88ebf0;  1 drivers
v0000016c5e85cf90_0 .net *"_ivl_137", 0 0, L_0000016c5e887220;  1 drivers
v0000016c5e85ce50_0 .net *"_ivl_138", 0 0, L_0000016c5e88e020;  1 drivers
v0000016c5e85cb30_0 .net *"_ivl_141", 0 0, L_0000016c5e886460;  1 drivers
v0000016c5e85ba50_0 .net *"_ivl_142", 0 0, L_0000016c5e88e090;  1 drivers
v0000016c5e85baf0_0 .net *"_ivl_144", 0 0, L_0000016c5e88d7d0;  1 drivers
v0000016c5e85bb90_0 .net *"_ivl_149", 0 0, L_0000016c5e885ba0;  1 drivers
v0000016c5e85cc70_0 .net *"_ivl_151", 0 0, L_0000016c5e8859c0;  1 drivers
v0000016c5e85bcd0_0 .net *"_ivl_153", 0 0, L_0000016c5e8877c0;  1 drivers
v0000016c5e85c310_0 .net *"_ivl_154", 0 0, L_0000016c5e88e410;  1 drivers
v0000016c5e85bd70_0 .net *"_ivl_156", 0 0, L_0000016c5e88e100;  1 drivers
v0000016c5e85c270_0 .net *"_ivl_159", 0 0, L_0000016c5e887860;  1 drivers
v0000016c5e85b190_0 .net *"_ivl_161", 0 0, L_0000016c5e887540;  1 drivers
v0000016c5e85bf50_0 .net *"_ivl_162", 0 0, L_0000016c5e88d8b0;  1 drivers
v0000016c5e85c590_0 .net *"_ivl_165", 0 0, L_0000016c5e8865a0;  1 drivers
v0000016c5e85d030_0 .net *"_ivl_166", 0 0, L_0000016c5e88ef00;  1 drivers
v0000016c5e85c630_0 .net *"_ivl_168", 0 0, L_0000016c5e88ec60;  1 drivers
v0000016c5e85d0d0_0 .net *"_ivl_171", 0 0, L_0000016c5e886c80;  1 drivers
v0000016c5e85c090_0 .net *"_ivl_173", 0 0, L_0000016c5e887900;  1 drivers
v0000016c5e85c6d0_0 .net *"_ivl_174", 0 0, L_0000016c5e88d610;  1 drivers
v0000016c5e85c770_0 .net *"_ivl_177", 0 0, L_0000016c5e885c40;  1 drivers
v0000016c5e85c810_0 .net *"_ivl_178", 0 0, L_0000016c5e88e4f0;  1 drivers
v0000016c5e85b0f0_0 .net *"_ivl_181", 0 0, L_0000016c5e8875e0;  1 drivers
v0000016c5e85c8b0_0 .net *"_ivl_182", 0 0, L_0000016c5e88e560;  1 drivers
v0000016c5e85d2b0_0 .net *"_ivl_184", 0 0, L_0000016c5e88d990;  1 drivers
v0000016c5e85b2d0_0 .net *"_ivl_187", 0 0, L_0000016c5e885a60;  1 drivers
v0000016c5e85d350_0 .net *"_ivl_189", 0 0, L_0000016c5e8879a0;  1 drivers
v0000016c5e85abf0_0 .net *"_ivl_190", 0 0, L_0000016c5e88da70;  1 drivers
v0000016c5e85ac90_0 .net *"_ivl_193", 0 0, L_0000016c5e8868c0;  1 drivers
v0000016c5e85ad30_0 .net *"_ivl_194", 0 0, L_0000016c5e88de60;  1 drivers
v0000016c5e85add0_0 .net *"_ivl_197", 0 0, L_0000016c5e886a00;  1 drivers
v0000016c5e85b370_0 .net *"_ivl_198", 0 0, L_0000016c5e88dae0;  1 drivers
v0000016c5e85b410_0 .net *"_ivl_201", 0 0, L_0000016c5e887a40;  1 drivers
v0000016c5e85b4b0_0 .net *"_ivl_202", 0 0, L_0000016c5e88ecd0;  1 drivers
v0000016c5e85b550_0 .net *"_ivl_204", 0 0, L_0000016c5e88db50;  1 drivers
v0000016c5e85b5f0_0 .net *"_ivl_209", 0 0, L_0000016c5e887b80;  1 drivers
v0000016c5e85e7f0_0 .net *"_ivl_211", 0 0, L_0000016c5e886640;  1 drivers
v0000016c5e85d7b0_0 .net *"_ivl_213", 0 0, L_0000016c5e887c20;  1 drivers
v0000016c5e85e570_0 .net *"_ivl_214", 0 0, L_0000016c5e88ded0;  1 drivers
v0000016c5e85e2f0_0 .net *"_ivl_216", 0 0, L_0000016c5e88efe0;  1 drivers
v0000016c5e85df30_0 .net *"_ivl_219", 0 0, L_0000016c5e8857e0;  1 drivers
v0000016c5e85d530_0 .net *"_ivl_221", 0 0, L_0000016c5e885e20;  1 drivers
v0000016c5e85dfd0_0 .net *"_ivl_222", 0 0, L_0000016c5e88ed40;  1 drivers
v0000016c5e85e390_0 .net *"_ivl_225", 0 0, L_0000016c5e886d20;  1 drivers
v0000016c5e85e430_0 .net *"_ivl_226", 0 0, L_0000016c5e88eb80;  1 drivers
v0000016c5e85d710_0 .net *"_ivl_228", 0 0, L_0000016c5e88e170;  1 drivers
v0000016c5e85d3f0_0 .net *"_ivl_231", 0 0, L_0000016c5e8854c0;  1 drivers
v0000016c5e85e610_0 .net *"_ivl_233", 0 0, L_0000016c5e885740;  1 drivers
v0000016c5e85e890_0 .net *"_ivl_234", 0 0, L_0000016c5e88edb0;  1 drivers
v0000016c5e85e4d0_0 .net *"_ivl_237", 0 0, L_0000016c5e885560;  1 drivers
v0000016c5e85da30_0 .net *"_ivl_238", 0 0, L_0000016c5e88dbc0;  1 drivers
v0000016c5e85dad0_0 .net *"_ivl_241", 0 0, L_0000016c5e885600;  1 drivers
v0000016c5e85dd50_0 .net *"_ivl_242", 0 0, L_0000016c5e88e8e0;  1 drivers
v0000016c5e85e930_0 .net *"_ivl_244", 0 0, L_0000016c5e88e1e0;  1 drivers
v0000016c5e85d670_0 .net *"_ivl_247", 0 0, L_0000016c5e8856a0;  1 drivers
v0000016c5e85de90_0 .net *"_ivl_249", 0 0, L_0000016c5e885880;  1 drivers
v0000016c5e85d5d0_0 .net *"_ivl_250", 0 0, L_0000016c5e88d4c0;  1 drivers
v0000016c5e85d490_0 .net *"_ivl_253", 0 0, L_0000016c5e885920;  1 drivers
v0000016c5e85e070_0 .net *"_ivl_254", 0 0, L_0000016c5e88e9c0;  1 drivers
v0000016c5e85d850_0 .net *"_ivl_257", 0 0, L_0000016c5e889de0;  1 drivers
v0000016c5e85e9d0_0 .net *"_ivl_258", 0 0, L_0000016c5e88e250;  1 drivers
v0000016c5e85d8f0_0 .net *"_ivl_261", 0 0, L_0000016c5e888bc0;  1 drivers
v0000016c5e85d990_0 .net *"_ivl_262", 0 0, L_0000016c5e88f050;  1 drivers
v0000016c5e85db70_0 .net *"_ivl_264", 0 0, L_0000016c5e88e2c0;  1 drivers
v0000016c5e85e6b0_0 .net *"_ivl_267", 0 0, L_0000016c5e888120;  1 drivers
v0000016c5e85e750_0 .net *"_ivl_269", 0 0, L_0000016c5e888da0;  1 drivers
v0000016c5e85dc10_0 .net *"_ivl_270", 0 0, L_0000016c5e88d530;  1 drivers
v0000016c5e85ea70_0 .net *"_ivl_273", 0 0, L_0000016c5e887f40;  1 drivers
v0000016c5e85dcb0_0 .net *"_ivl_274", 0 0, L_0000016c5e88e330;  1 drivers
v0000016c5e85ddf0_0 .net *"_ivl_277", 0 0, L_0000016c5e889520;  1 drivers
v0000016c5e85e110_0 .net *"_ivl_278", 0 0, L_0000016c5e88e480;  1 drivers
v0000016c5e85e1b0_0 .net *"_ivl_281", 0 0, L_0000016c5e888620;  1 drivers
v0000016c5e85e250_0 .net *"_ivl_282", 0 0, L_0000016c5e88eaa0;  1 drivers
v0000016c5e85f970_0 .net *"_ivl_285", 0 0, L_0000016c5e88a380;  1 drivers
v0000016c5e860e10_0 .net *"_ivl_286", 0 0, L_0000016c5e88e640;  1 drivers
v0000016c5e861630_0 .net *"_ivl_288", 0 0, L_0000016c5e88d5a0;  1 drivers
v0000016c5e85fdd0_0 .net *"_ivl_293", 0 0, L_0000016c5e8890c0;  1 drivers
v0000016c5e8611d0_0 .net *"_ivl_295", 0 0, L_0000016c5e889e80;  1 drivers
v0000016c5e860a50_0 .net *"_ivl_297", 0 0, L_0000016c5e8889e0;  1 drivers
v0000016c5e85f010_0 .net *"_ivl_298", 0 0, L_0000016c5e88e6b0;  1 drivers
v0000016c5e8616d0_0 .net *"_ivl_300", 0 0, L_0000016c5e88e800;  1 drivers
v0000016c5e860f50_0 .net *"_ivl_303", 0 0, L_0000016c5e889200;  1 drivers
v0000016c5e860190_0 .net *"_ivl_305", 0 0, L_0000016c5e888800;  1 drivers
v0000016c5e860050_0 .net *"_ivl_306", 0 0, L_0000016c5e88e870;  1 drivers
v0000016c5e860c30_0 .net *"_ivl_309", 0 0, L_0000016c5e889b60;  1 drivers
v0000016c5e8604b0_0 .net *"_ivl_310", 0 0, L_0000016c5e88f130;  1 drivers
v0000016c5e85fd30_0 .net *"_ivl_312", 0 0, L_0000016c5e88f3d0;  1 drivers
v0000016c5e85fb50_0 .net *"_ivl_315", 0 0, L_0000016c5e8888a0;  1 drivers
v0000016c5e85fa10_0 .net *"_ivl_317", 0 0, L_0000016c5e889160;  1 drivers
v0000016c5e85fbf0_0 .net *"_ivl_318", 0 0, L_0000016c5e88f0c0;  1 drivers
v0000016c5e860cd0_0 .net *"_ivl_321", 0 0, L_0000016c5e888760;  1 drivers
v0000016c5e8602d0_0 .net *"_ivl_322", 0 0, L_0000016c5e88f2f0;  1 drivers
v0000016c5e85f0b0_0 .net *"_ivl_325", 0 0, L_0000016c5e8886c0;  1 drivers
v0000016c5e860870_0 .net *"_ivl_326", 0 0, L_0000016c5e88f1a0;  1 drivers
v0000016c5e85ff10_0 .net *"_ivl_328", 0 0, L_0000016c5e88f210;  1 drivers
v0000016c5e860d70_0 .net *"_ivl_331", 0 0, L_0000016c5e889840;  1 drivers
v0000016c5e860410_0 .net *"_ivl_333", 0 0, L_0000016c5e887fe0;  1 drivers
v0000016c5e8607d0_0 .net *"_ivl_334", 0 0, L_0000016c5e88f360;  1 drivers
v0000016c5e85f470_0 .net *"_ivl_337", 0 0, L_0000016c5e88a1a0;  1 drivers
v0000016c5e861590_0 .net *"_ivl_338", 0 0, L_0000016c5e88f280;  1 drivers
v0000016c5e85fc90_0 .net *"_ivl_341", 0 0, L_0000016c5e888e40;  1 drivers
v0000016c5e860eb0_0 .net *"_ivl_342", 0 0, L_0000016c5e893780;  1 drivers
v0000016c5e860550_0 .net *"_ivl_345", 0 0, L_0000016c5e889fc0;  1 drivers
v0000016c5e85fab0_0 .net *"_ivl_346", 0 0, L_0000016c5e894200;  1 drivers
v0000016c5e8605f0_0 .net *"_ivl_348", 0 0, L_0000016c5e893ef0;  1 drivers
v0000016c5e85fe70_0 .net *"_ivl_351", 0 0, L_0000016c5e888940;  1 drivers
v0000016c5e860b90_0 .net *"_ivl_353", 0 0, L_0000016c5e888080;  1 drivers
v0000016c5e860910_0 .net *"_ivl_354", 0 0, L_0000016c5e894660;  1 drivers
v0000016c5e861770_0 .net *"_ivl_357", 0 0, L_0000016c5e888580;  1 drivers
v0000016c5e8614f0_0 .net *"_ivl_358", 0 0, L_0000016c5e895070;  1 drivers
v0000016c5e860ff0_0 .net *"_ivl_361", 0 0, L_0000016c5e888a80;  1 drivers
v0000016c5e860690_0 .net *"_ivl_362", 0 0, L_0000016c5e893fd0;  1 drivers
v0000016c5e860730_0 .net *"_ivl_365", 0 0, L_0000016c5e8881c0;  1 drivers
v0000016c5e861270_0 .net *"_ivl_366", 0 0, L_0000016c5e894740;  1 drivers
v0000016c5e8609b0_0 .net *"_ivl_369", 0 0, L_0000016c5e888c60;  1 drivers
v0000016c5e85ffb0_0 .net *"_ivl_370", 0 0, L_0000016c5e894890;  1 drivers
v0000016c5e860af0_0 .net *"_ivl_372", 0 0, L_0000016c5e894970;  1 drivers
v0000016c5e861090_0 .net *"_ivl_375", 0 0, L_0000016c5e889ca0;  1 drivers
v0000016c5e8600f0_0 .net *"_ivl_377", 0 0, L_0000016c5e887d60;  1 drivers
v0000016c5e85f830_0 .net *"_ivl_378", 0 0, L_0000016c5e893f60;  1 drivers
v0000016c5e861130_0 .net *"_ivl_381", 0 0, L_0000016c5e8892a0;  1 drivers
v0000016c5e85f8d0_0 .net *"_ivl_382", 0 0, L_0000016c5e893be0;  1 drivers
v0000016c5e861310_0 .net *"_ivl_385", 0 0, L_0000016c5e888d00;  1 drivers
v0000016c5e8613b0_0 .net *"_ivl_386", 0 0, L_0000016c5e8938d0;  1 drivers
v0000016c5e860230_0 .net *"_ivl_389", 0 0, L_0000016c5e888ee0;  1 drivers
v0000016c5e861450_0 .net *"_ivl_390", 0 0, L_0000016c5e894190;  1 drivers
v0000016c5e85f150_0 .net *"_ivl_393", 0 0, L_0000016c5e889d40;  1 drivers
v0000016c5e85f1f0_0 .net *"_ivl_394", 0 0, L_0000016c5e894f90;  1 drivers
v0000016c5e860370_0 .net *"_ivl_397", 0 0, L_0000016c5e888260;  1 drivers
v0000016c5e85f290_0 .net *"_ivl_398", 0 0, L_0000016c5e894430;  1 drivers
v0000016c5e85f330_0 .net *"_ivl_400", 0 0, L_0000016c5e894c80;  1 drivers
v0000016c5e85f3d0_0 .net *"_ivl_405", 0 0, L_0000016c5e888300;  1 drivers
v0000016c5e85f510_0 .net *"_ivl_407", 0 0, L_0000016c5e8883a0;  1 drivers
v0000016c5e85f5b0_0 .net *"_ivl_409", 0 0, L_0000016c5e889ac0;  1 drivers
v0000016c5e85f650_0 .net *"_ivl_410", 0 0, L_0000016c5e8949e0;  1 drivers
v0000016c5e85f6f0_0 .net *"_ivl_412", 0 0, L_0000016c5e893e80;  1 drivers
v0000016c5e85f790_0 .net *"_ivl_415", 0 0, L_0000016c5e88a240;  1 drivers
v0000016c5e8622b0_0 .net *"_ivl_417", 0 0, L_0000016c5e888b20;  1 drivers
v0000016c5e861db0_0 .net *"_ivl_418", 0 0, L_0000016c5e8944a0;  1 drivers
v0000016c5e863430_0 .net *"_ivl_421", 0 0, L_0000016c5e88a060;  1 drivers
v0000016c5e8625d0_0 .net *"_ivl_422", 0 0, L_0000016c5e893d30;  1 drivers
v0000016c5e862c10_0 .net *"_ivl_424", 0 0, L_0000016c5e894b30;  1 drivers
v0000016c5e8637f0_0 .net *"_ivl_427", 0 0, L_0000016c5e888f80;  1 drivers
v0000016c5e861810_0 .net *"_ivl_429", 0 0, L_0000016c5e889020;  1 drivers
v0000016c5e861f90_0 .net *"_ivl_430", 0 0, L_0000016c5e894040;  1 drivers
v0000016c5e862df0_0 .net *"_ivl_433", 0 0, L_0000016c5e889f20;  1 drivers
v0000016c5e862850_0 .net *"_ivl_434", 0 0, L_0000016c5e8934e0;  1 drivers
v0000016c5e8639d0_0 .net *"_ivl_437", 0 0, L_0000016c5e888440;  1 drivers
v0000016c5e863570_0 .net *"_ivl_438", 0 0, L_0000016c5e893c50;  1 drivers
v0000016c5e861b30_0 .net *"_ivl_440", 0 0, L_0000016c5e894900;  1 drivers
v0000016c5e863d90_0 .net *"_ivl_443", 0 0, L_0000016c5e889340;  1 drivers
v0000016c5e862210_0 .net *"_ivl_445", 0 0, L_0000016c5e8884e0;  1 drivers
v0000016c5e862670_0 .net *"_ivl_446", 0 0, L_0000016c5e893e10;  1 drivers
v0000016c5e862710_0 .net *"_ivl_449", 0 0, L_0000016c5e887cc0;  1 drivers
v0000016c5e863c50_0 .net *"_ivl_450", 0 0, L_0000016c5e893860;  1 drivers
v0000016c5e8634d0_0 .net *"_ivl_453", 0 0, L_0000016c5e889980;  1 drivers
v0000016c5e8618b0_0 .net *"_ivl_454", 0 0, L_0000016c5e8940b0;  1 drivers
v0000016c5e862e90_0 .net *"_ivl_457", 0 0, L_0000016c5e8893e0;  1 drivers
v0000016c5e862a30_0 .net *"_ivl_458", 0 0, L_0000016c5e8937f0;  1 drivers
v0000016c5e863890_0 .net *"_ivl_460", 0 0, L_0000016c5e895000;  1 drivers
v0000016c5e861ef0_0 .net *"_ivl_463", 0 0, L_0000016c5e889480;  1 drivers
v0000016c5e862cb0_0 .net *"_ivl_465", 0 0, L_0000016c5e8895c0;  1 drivers
v0000016c5e863a70_0 .net *"_ivl_466", 0 0, L_0000016c5e8942e0;  1 drivers
v0000016c5e862f30_0 .net *"_ivl_469", 0 0, L_0000016c5e88a100;  1 drivers
v0000016c5e862170_0 .net *"_ivl_470", 0 0, L_0000016c5e893550;  1 drivers
v0000016c5e863110_0 .net *"_ivl_473", 0 0, L_0000016c5e889660;  1 drivers
v0000016c5e862d50_0 .net *"_ivl_474", 0 0, L_0000016c5e894a50;  1 drivers
v0000016c5e862350_0 .net *"_ivl_477", 0 0, L_0000016c5e889700;  1 drivers
v0000016c5e862030_0 .net *"_ivl_478", 0 0, L_0000016c5e894510;  1 drivers
v0000016c5e863930_0 .net *"_ivl_481", 0 0, L_0000016c5e88a2e0;  1 drivers
v0000016c5e8620d0_0 .net *"_ivl_482", 0 0, L_0000016c5e894120;  1 drivers
v0000016c5e863610_0 .net *"_ivl_484", 0 0, L_0000016c5e8943c0;  1 drivers
v0000016c5e863390_0 .net *"_ivl_487", 0 0, L_0000016c5e8897a0;  1 drivers
v0000016c5e8627b0_0 .net *"_ivl_489", 0 0, L_0000016c5e8898e0;  1 drivers
v0000016c5e862fd0_0 .net *"_ivl_490", 0 0, L_0000016c5e894270;  1 drivers
v0000016c5e8636b0_0 .net *"_ivl_493", 0 0, L_0000016c5e887e00;  1 drivers
v0000016c5e863750_0 .net *"_ivl_494", 0 0, L_0000016c5e893940;  1 drivers
v0000016c5e8628f0_0 .net *"_ivl_497", 0 0, L_0000016c5e889a20;  1 drivers
v0000016c5e863b10_0 .net *"_ivl_498", 0 0, L_0000016c5e894350;  1 drivers
v0000016c5e863bb0_0 .net *"_ivl_501", 0 0, L_0000016c5e889c00;  1 drivers
v0000016c5e8623f0_0 .net *"_ivl_502", 0 0, L_0000016c5e8939b0;  1 drivers
v0000016c5e863cf0_0 .net *"_ivl_505", 0 0, L_0000016c5e88a420;  1 drivers
v0000016c5e862990_0 .net *"_ivl_506", 0 0, L_0000016c5e893cc0;  1 drivers
v0000016c5e863e30_0 .net *"_ivl_509", 0 0, L_0000016c5e887ea0;  1 drivers
v0000016c5e863070_0 .net *"_ivl_510", 0 0, L_0000016c5e894580;  1 drivers
v0000016c5e863ed0_0 .net *"_ivl_512", 0 0, L_0000016c5e8945f0;  1 drivers
v0000016c5e862490_0 .net *"_ivl_515", 0 0, L_0000016c5e88b0a0;  1 drivers
v0000016c5e861e50_0 .net *"_ivl_517", 0 0, L_0000016c5e88c680;  1 drivers
v0000016c5e863f70_0 .net *"_ivl_518", 0 0, L_0000016c5e8946d0;  1 drivers
v0000016c5e862ad0_0 .net *"_ivl_521", 0 0, L_0000016c5e88a740;  1 drivers
v0000016c5e8631b0_0 .net *"_ivl_522", 0 0, L_0000016c5e893a20;  1 drivers
v0000016c5e861950_0 .net *"_ivl_525", 0 0, L_0000016c5e88c5e0;  1 drivers
v0000016c5e8619f0_0 .net *"_ivl_526", 0 0, L_0000016c5e894cf0;  1 drivers
v0000016c5e862530_0 .net *"_ivl_529", 0 0, L_0000016c5e88a600;  1 drivers
v0000016c5e863250_0 .net *"_ivl_530", 0 0, L_0000016c5e893da0;  1 drivers
v0000016c5e862b70_0 .net *"_ivl_533", 0 0, L_0000016c5e88af60;  1 drivers
v0000016c5e861a90_0 .net *"_ivl_534", 0 0, L_0000016c5e8947b0;  1 drivers
v0000016c5e861bd0_0 .net *"_ivl_537", 0 0, L_0000016c5e88c9a0;  1 drivers
v0000016c5e861c70_0 .net *"_ivl_538", 0 0, L_0000016c5e894820;  1 drivers
v0000016c5e861d10_0 .net *"_ivl_541", 0 0, L_0000016c5e88b1e0;  1 drivers
v0000016c5e8632f0_0 .net *"_ivl_542", 0 0, L_0000016c5e894ac0;  1 drivers
v0000016c5e864dd0_0 .net *"_ivl_544", 0 0, L_0000016c5e893a90;  1 drivers
v0000016c5e864e70_0 .net *"_ivl_550", 0 0, L_0000016c5e88b3c0;  1 drivers
v0000016c5e866450_0 .net *"_ivl_552", 0 0, L_0000016c5e88cae0;  1 drivers
v0000016c5e865cd0_0 .net *"_ivl_554", 0 0, L_0000016c5e88baa0;  1 drivers
v0000016c5e8640b0_0 .net *"_ivl_555", 0 0, L_0000016c5e894ba0;  1 drivers
v0000016c5e8655f0_0 .net *"_ivl_557", 0 0, L_0000016c5e894c10;  1 drivers
v0000016c5e865230_0 .net *"_ivl_560", 0 0, L_0000016c5e88c720;  1 drivers
v0000016c5e865ff0_0 .net *"_ivl_562", 0 0, L_0000016c5e88cb80;  1 drivers
v0000016c5e8646f0_0 .net *"_ivl_563", 0 0, L_0000016c5e893b00;  1 drivers
v0000016c5e866090_0 .net *"_ivl_566", 0 0, L_0000016c5e88c220;  1 drivers
v0000016c5e864f10_0 .net *"_ivl_567", 0 0, L_0000016c5e894d60;  1 drivers
v0000016c5e864290_0 .net *"_ivl_569", 0 0, L_0000016c5e894dd0;  1 drivers
v0000016c5e866130_0 .net *"_ivl_572", 0 0, L_0000016c5e88c2c0;  1 drivers
v0000016c5e8654b0_0 .net *"_ivl_574", 0 0, L_0000016c5e88bc80;  1 drivers
v0000016c5e8652d0_0 .net *"_ivl_575", 0 0, L_0000016c5e893b70;  1 drivers
v0000016c5e8661d0_0 .net *"_ivl_578", 0 0, L_0000016c5e88b280;  1 drivers
v0000016c5e865c30_0 .net *"_ivl_579", 0 0, L_0000016c5e894e40;  1 drivers
v0000016c5e865690_0 .net *"_ivl_582", 0 0, L_0000016c5e88bb40;  1 drivers
v0000016c5e864d30_0 .net *"_ivl_583", 0 0, L_0000016c5e894eb0;  1 drivers
v0000016c5e865eb0_0 .net *"_ivl_585", 0 0, L_0000016c5e894f20;  1 drivers
v0000016c5e8657d0_0 .net *"_ivl_588", 0 0, L_0000016c5e88c900;  1 drivers
v0000016c5e864010_0 .net *"_ivl_590", 0 0, L_0000016c5e88b320;  1 drivers
v0000016c5e864fb0_0 .net *"_ivl_591", 0 0, L_0000016c5e8935c0;  1 drivers
v0000016c5e865730_0 .net *"_ivl_594", 0 0, L_0000016c5e88a880;  1 drivers
v0000016c5e865050_0 .net *"_ivl_595", 0 0, L_0000016c5e893630;  1 drivers
v0000016c5e865d70_0 .net *"_ivl_598", 0 0, L_0000016c5e88ad80;  1 drivers
v0000016c5e865870_0 .net *"_ivl_599", 0 0, L_0000016c5e8936a0;  1 drivers
v0000016c5e865370_0 .net *"_ivl_602", 0 0, L_0000016c5e88b460;  1 drivers
v0000016c5e866630_0 .net *"_ivl_603", 0 0, L_0000016c5e893710;  1 drivers
v0000016c5e864c90_0 .net *"_ivl_605", 0 0, L_0000016c5e8950e0;  1 drivers
v0000016c5e865f50_0 .net *"_ivl_608", 0 0, L_0000016c5e88b000;  1 drivers
v0000016c5e865410_0 .net *"_ivl_610", 0 0, L_0000016c5e88b500;  1 drivers
v0000016c5e8650f0_0 .net *"_ivl_611", 0 0, L_0000016c5e895380;  1 drivers
v0000016c5e865190_0 .net *"_ivl_614", 0 0, L_0000016c5e88c360;  1 drivers
v0000016c5e866270_0 .net *"_ivl_615", 0 0, L_0000016c5e8951c0;  1 drivers
v0000016c5e865550_0 .net *"_ivl_618", 0 0, L_0000016c5e88a560;  1 drivers
v0000016c5e865910_0 .net *"_ivl_619", 0 0, L_0000016c5e895230;  1 drivers
v0000016c5e8659b0_0 .net *"_ivl_622", 0 0, L_0000016c5e88a4c0;  1 drivers
v0000016c5e865a50_0 .net *"_ivl_623", 0 0, L_0000016c5e8952a0;  1 drivers
v0000016c5e864970_0 .net *"_ivl_626", 0 0, L_0000016c5e88b820;  1 drivers
v0000016c5e864330_0 .net *"_ivl_627", 0 0, L_0000016c5e895310;  1 drivers
v0000016c5e864470_0 .net *"_ivl_629", 0 0, L_0000016c5e8953f0;  1 drivers
v0000016c5e865af0_0 .net *"_ivl_632", 0 0, L_0000016c5e88a6a0;  1 drivers
v0000016c5e864ab0_0 .net *"_ivl_634", 0 0, L_0000016c5e88ca40;  1 drivers
v0000016c5e866310_0 .net *"_ivl_635", 0 0, L_0000016c5e895150;  1 drivers
v0000016c5e864b50_0 .net *"_ivl_638", 0 0, L_0000016c5e88bdc0;  1 drivers
v0000016c5e864bf0_0 .net *"_ivl_639", 0 0, L_0000016c5e89ed90;  1 drivers
v0000016c5e865b90_0 .net *"_ivl_642", 0 0, L_0000016c5e88bbe0;  1 drivers
v0000016c5e8663b0_0 .net *"_ivl_643", 0 0, L_0000016c5e89e850;  1 drivers
v0000016c5e8643d0_0 .net *"_ivl_646", 0 0, L_0000016c5e88b140;  1 drivers
v0000016c5e865e10_0 .net *"_ivl_647", 0 0, L_0000016c5e89eee0;  1 drivers
v0000016c5e864510_0 .net *"_ivl_650", 0 0, L_0000016c5e88b640;  1 drivers
v0000016c5e864150_0 .net *"_ivl_651", 0 0, L_0000016c5e89e2a0;  1 drivers
v0000016c5e8664f0_0 .net *"_ivl_654", 0 0, L_0000016c5e88b5a0;  1 drivers
v0000016c5e866590_0 .net *"_ivl_655", 0 0, L_0000016c5e89fce0;  1 drivers
v0000016c5e8666d0_0 .net *"_ivl_657", 0 0, L_0000016c5e89e310;  1 drivers
v0000016c5e8641f0_0 .net *"_ivl_660", 0 0, L_0000016c5e88aa60;  1 drivers
v0000016c5e866770_0 .net *"_ivl_662", 0 0, L_0000016c5e88b6e0;  1 drivers
v0000016c5e8645b0_0 .net *"_ivl_663", 0 0, L_0000016c5e89f1f0;  1 drivers
v0000016c5e864650_0 .net *"_ivl_666", 0 0, L_0000016c5e88cc20;  1 drivers
v0000016c5e8648d0_0 .net *"_ivl_667", 0 0, L_0000016c5e89eaf0;  1 drivers
v0000016c5e864790_0 .net *"_ivl_670", 0 0, L_0000016c5e88b780;  1 drivers
v0000016c5e864830_0 .net *"_ivl_671", 0 0, L_0000016c5e89f2d0;  1 drivers
v0000016c5e864a10_0 .net *"_ivl_674", 0 0, L_0000016c5e88a9c0;  1 drivers
v0000016c5e866bd0_0 .net *"_ivl_675", 0 0, L_0000016c5e89ea80;  1 drivers
v0000016c5e8668b0_0 .net *"_ivl_678", 0 0, L_0000016c5e88b8c0;  1 drivers
v0000016c5e866950_0 .net *"_ivl_679", 0 0, L_0000016c5e89f0a0;  1 drivers
v0000016c5e8669f0_0 .net *"_ivl_682", 0 0, L_0000016c5e88a920;  1 drivers
v0000016c5e866a90_0 .net *"_ivl_683", 0 0, L_0000016c5e89ef50;  1 drivers
v0000016c5e866db0_0 .net *"_ivl_686", 0 0, L_0000016c5e88bd20;  1 drivers
v0000016c5e866ef0_0 .net *"_ivl_687", 0 0, L_0000016c5e89f030;  1 drivers
v0000016c5e866e50_0 .net *"_ivl_689", 0 0, L_0000016c5e89f110;  1 drivers
v0000016c5e866c70_0 .net *"_ivl_69", 0 0, L_0000016c5e88dfb0;  1 drivers
v0000016c5e866b30_0 .net *"_ivl_692", 0 0, L_0000016c5e88c7c0;  1 drivers
v0000016c5e866d10_0 .net *"_ivl_694", 0 0, L_0000016c5e88a7e0;  1 drivers
v0000016c5e866810_0 .net *"_ivl_695", 0 0, L_0000016c5e89e5b0;  1 drivers
v0000016c5e871bf0_0 .net *"_ivl_698", 0 0, L_0000016c5e88c400;  1 drivers
v0000016c5e871c90_0 .net *"_ivl_699", 0 0, L_0000016c5e89e9a0;  1 drivers
v0000016c5e870570_0 .net *"_ivl_702", 0 0, L_0000016c5e88b960;  1 drivers
v0000016c5e870f70_0 .net *"_ivl_703", 0 0, L_0000016c5e89f9d0;  1 drivers
v0000016c5e870750_0 .net *"_ivl_706", 0 0, L_0000016c5e88be60;  1 drivers
v0000016c5e870890_0 .net *"_ivl_707", 0 0, L_0000016c5e89e540;  1 drivers
v0000016c5e8701b0_0 .net *"_ivl_710", 0 0, L_0000016c5e88ba00;  1 drivers
v0000016c5e86fad0_0 .net *"_ivl_711", 0 0, L_0000016c5e89f730;  1 drivers
v0000016c5e86fcb0_0 .net *"_ivl_714", 0 0, L_0000016c5e88bf00;  1 drivers
v0000016c5e8710b0_0 .net *"_ivl_715", 0 0, L_0000016c5e89e4d0;  1 drivers
v0000016c5e8702f0_0 .net *"_ivl_718", 0 0, L_0000016c5e88c860;  1 drivers
v0000016c5e871a10_0 .net *"_ivl_719", 0 0, L_0000016c5e89efc0;  1 drivers
v0000016c5e870ed0_0 .net *"_ivl_722", 0 0, L_0000016c5e88bfa0;  1 drivers
v0000016c5e871970_0 .net *"_ivl_723", 0 0, L_0000016c5e89f180;  1 drivers
v0000016c5e86fa30_0 .net *"_ivl_725", 0 0, L_0000016c5e89e620;  1 drivers
v0000016c5e871ab0_0 .net *"_ivl_728", 7 0, L_0000016c5e88c4a0;  1 drivers
v0000016c5e871d30_0 .net *"_ivl_73", 0 0, L_0000016c5e885b00;  1 drivers
v0000016c5e870bb0_0 .net *"_ivl_75", 0 0, L_0000016c5e886780;  1 drivers
v0000016c5e8716f0_0 .net *"_ivl_77", 0 0, L_0000016c5e886820;  1 drivers
v0000016c5e86fc10_0 .net *"_ivl_78", 0 0, L_0000016c5e88eb10;  1 drivers
v0000016c5e871650_0 .net *"_ivl_80", 0 0, L_0000016c5e88da00;  1 drivers
v0000016c5e871330_0 .net *"_ivl_85", 0 0, L_0000016c5e886500;  1 drivers
v0000016c5e871fb0_0 .net *"_ivl_87", 0 0, L_0000016c5e887680;  1 drivers
v0000016c5e86f850_0 .net *"_ivl_89", 0 0, L_0000016c5e887040;  1 drivers
v0000016c5e870cf0_0 .net *"_ivl_90", 0 0, L_0000016c5e88d920;  1 drivers
v0000016c5e870070_0 .net *"_ivl_92", 0 0, L_0000016c5e88e950;  1 drivers
v0000016c5e86fb70_0 .net *"_ivl_95", 0 0, L_0000016c5e886dc0;  1 drivers
v0000016c5e86fe90_0 .net *"_ivl_97", 0 0, L_0000016c5e885f60;  1 drivers
v0000016c5e86fdf0_0 .net *"_ivl_98", 0 0, L_0000016c5e88ee20;  1 drivers
v0000016c5e871470_0 .net "a", 7 0, v0000016c5e88d080_0;  alias, 1 drivers
v0000016c5e870250_0 .net "b", 7 0, v0000016c5e88cf40_0;  alias, 1 drivers
v0000016c5e871790_0 .net "c", 8 0, L_0000016c5e88c180;  1 drivers
v0000016c5e86ffd0_0 .net "cin", 0 0, L_0000016c5e8a01f8;  1 drivers
v0000016c5e871010_0 .net "cout", 0 0, L_0000016c5e88c040;  alias, 1 drivers
v0000016c5e870930_0 .net "g", 7 0, L_0000016c5e887720;  1 drivers
v0000016c5e871b50_0 .net "p", 7 0, L_0000016c5e886e60;  1 drivers
v0000016c5e870c50_0 .net "sum", 7 0, L_0000016c5e89e8c0;  alias, 1 drivers
L_0000016c5e88ccc0 .part v0000016c5e88d080_0, 0, 1;
L_0000016c5e8866e0 .part v0000016c5e88cf40_0, 0, 1;
L_0000016c5e886f00 .part v0000016c5e88d080_0, 1, 1;
L_0000016c5e8874a0 .part v0000016c5e88cf40_0, 1, 1;
L_0000016c5e885d80 .part v0000016c5e88d080_0, 2, 1;
L_0000016c5e8870e0 .part v0000016c5e88cf40_0, 2, 1;
L_0000016c5e8860a0 .part v0000016c5e88d080_0, 3, 1;
L_0000016c5e886be0 .part v0000016c5e88cf40_0, 3, 1;
L_0000016c5e887400 .part v0000016c5e88d080_0, 4, 1;
L_0000016c5e886aa0 .part v0000016c5e88cf40_0, 4, 1;
L_0000016c5e885ce0 .part v0000016c5e88d080_0, 5, 1;
L_0000016c5e8872c0 .part v0000016c5e88cf40_0, 5, 1;
L_0000016c5e886000 .part v0000016c5e88d080_0, 6, 1;
L_0000016c5e886960 .part v0000016c5e88cf40_0, 6, 1;
L_0000016c5e886fa0 .part v0000016c5e88d080_0, 7, 1;
L_0000016c5e885ec0 .part v0000016c5e88cf40_0, 7, 1;
LS_0000016c5e887720_0_0 .concat8 [ 1 1 1 1], L_0000016c5e7dcec0, L_0000016c5e7dcd70, L_0000016c5e7dd010, L_0000016c5e88e5d0;
LS_0000016c5e887720_0_4 .concat8 [ 1 1 1 1], L_0000016c5e88dd10, L_0000016c5e88df40, L_0000016c5e88ea30, L_0000016c5e88d6f0;
L_0000016c5e887720 .concat8 [ 4 4 0 0], LS_0000016c5e887720_0_0, LS_0000016c5e887720_0_4;
LS_0000016c5e886e60_0_0 .concat8 [ 1 1 1 1], L_0000016c5e7dcfa0, L_0000016c5e7dcf30, L_0000016c5e7dcde0, L_0000016c5e88dca0;
LS_0000016c5e886e60_0_4 .concat8 [ 1 1 1 1], L_0000016c5e88d680, L_0000016c5e88e3a0, L_0000016c5e88dd80, L_0000016c5e88dc30;
L_0000016c5e886e60 .concat8 [ 4 4 0 0], LS_0000016c5e886e60_0_0, LS_0000016c5e886e60_0_4;
L_0000016c5e885b00 .part L_0000016c5e887720, 0, 1;
L_0000016c5e886780 .part L_0000016c5e886e60, 0, 1;
L_0000016c5e886820 .part L_0000016c5e88c180, 0, 1;
L_0000016c5e886500 .part L_0000016c5e887720, 1, 1;
L_0000016c5e887680 .part L_0000016c5e886e60, 1, 1;
L_0000016c5e887040 .part L_0000016c5e887720, 0, 1;
L_0000016c5e886dc0 .part L_0000016c5e886e60, 1, 1;
L_0000016c5e885f60 .part L_0000016c5e886e60, 0, 1;
L_0000016c5e886140 .part L_0000016c5e88c180, 0, 1;
L_0000016c5e886280 .part L_0000016c5e887720, 2, 1;
L_0000016c5e8863c0 .part L_0000016c5e886e60, 2, 1;
L_0000016c5e887ae0 .part L_0000016c5e887720, 1, 1;
L_0000016c5e886b40 .part L_0000016c5e886e60, 2, 1;
L_0000016c5e8861e0 .part L_0000016c5e886e60, 1, 1;
L_0000016c5e887360 .part L_0000016c5e887720, 0, 1;
L_0000016c5e886320 .part L_0000016c5e886e60, 2, 1;
L_0000016c5e887180 .part L_0000016c5e886e60, 1, 1;
L_0000016c5e887220 .part L_0000016c5e886e60, 0, 1;
L_0000016c5e886460 .part L_0000016c5e88c180, 0, 1;
L_0000016c5e885ba0 .part L_0000016c5e887720, 3, 1;
L_0000016c5e8859c0 .part L_0000016c5e886e60, 3, 1;
L_0000016c5e8877c0 .part L_0000016c5e887720, 2, 1;
L_0000016c5e887860 .part L_0000016c5e886e60, 3, 1;
L_0000016c5e887540 .part L_0000016c5e886e60, 2, 1;
L_0000016c5e8865a0 .part L_0000016c5e887720, 1, 1;
L_0000016c5e886c80 .part L_0000016c5e886e60, 3, 1;
L_0000016c5e887900 .part L_0000016c5e886e60, 2, 1;
L_0000016c5e885c40 .part L_0000016c5e886e60, 1, 1;
L_0000016c5e8875e0 .part L_0000016c5e887720, 0, 1;
L_0000016c5e885a60 .part L_0000016c5e886e60, 3, 1;
L_0000016c5e8879a0 .part L_0000016c5e886e60, 2, 1;
L_0000016c5e8868c0 .part L_0000016c5e886e60, 1, 1;
L_0000016c5e886a00 .part L_0000016c5e886e60, 0, 1;
L_0000016c5e887a40 .part L_0000016c5e88c180, 0, 1;
L_0000016c5e887b80 .part L_0000016c5e887720, 4, 1;
L_0000016c5e886640 .part L_0000016c5e886e60, 4, 1;
L_0000016c5e887c20 .part L_0000016c5e887720, 3, 1;
L_0000016c5e8857e0 .part L_0000016c5e886e60, 4, 1;
L_0000016c5e885e20 .part L_0000016c5e886e60, 3, 1;
L_0000016c5e886d20 .part L_0000016c5e887720, 2, 1;
L_0000016c5e8854c0 .part L_0000016c5e886e60, 4, 1;
L_0000016c5e885740 .part L_0000016c5e886e60, 3, 1;
L_0000016c5e885560 .part L_0000016c5e886e60, 2, 1;
L_0000016c5e885600 .part L_0000016c5e887720, 1, 1;
L_0000016c5e8856a0 .part L_0000016c5e886e60, 4, 1;
L_0000016c5e885880 .part L_0000016c5e886e60, 3, 1;
L_0000016c5e885920 .part L_0000016c5e886e60, 2, 1;
L_0000016c5e889de0 .part L_0000016c5e886e60, 1, 1;
L_0000016c5e888bc0 .part L_0000016c5e887720, 0, 1;
L_0000016c5e888120 .part L_0000016c5e886e60, 4, 1;
L_0000016c5e888da0 .part L_0000016c5e886e60, 3, 1;
L_0000016c5e887f40 .part L_0000016c5e886e60, 2, 1;
L_0000016c5e889520 .part L_0000016c5e886e60, 1, 1;
L_0000016c5e888620 .part L_0000016c5e886e60, 0, 1;
L_0000016c5e88a380 .part L_0000016c5e88c180, 0, 1;
L_0000016c5e8890c0 .part L_0000016c5e887720, 5, 1;
L_0000016c5e889e80 .part L_0000016c5e886e60, 5, 1;
L_0000016c5e8889e0 .part L_0000016c5e887720, 4, 1;
L_0000016c5e889200 .part L_0000016c5e886e60, 5, 1;
L_0000016c5e888800 .part L_0000016c5e886e60, 4, 1;
L_0000016c5e889b60 .part L_0000016c5e887720, 3, 1;
L_0000016c5e8888a0 .part L_0000016c5e886e60, 5, 1;
L_0000016c5e889160 .part L_0000016c5e886e60, 4, 1;
L_0000016c5e888760 .part L_0000016c5e886e60, 3, 1;
L_0000016c5e8886c0 .part L_0000016c5e887720, 2, 1;
L_0000016c5e889840 .part L_0000016c5e886e60, 5, 1;
L_0000016c5e887fe0 .part L_0000016c5e886e60, 4, 1;
L_0000016c5e88a1a0 .part L_0000016c5e886e60, 3, 1;
L_0000016c5e888e40 .part L_0000016c5e886e60, 2, 1;
L_0000016c5e889fc0 .part L_0000016c5e887720, 1, 1;
L_0000016c5e888940 .part L_0000016c5e886e60, 5, 1;
L_0000016c5e888080 .part L_0000016c5e886e60, 4, 1;
L_0000016c5e888580 .part L_0000016c5e886e60, 3, 1;
L_0000016c5e888a80 .part L_0000016c5e886e60, 2, 1;
L_0000016c5e8881c0 .part L_0000016c5e886e60, 1, 1;
L_0000016c5e888c60 .part L_0000016c5e887720, 0, 1;
L_0000016c5e889ca0 .part L_0000016c5e886e60, 5, 1;
L_0000016c5e887d60 .part L_0000016c5e886e60, 4, 1;
L_0000016c5e8892a0 .part L_0000016c5e886e60, 3, 1;
L_0000016c5e888d00 .part L_0000016c5e886e60, 2, 1;
L_0000016c5e888ee0 .part L_0000016c5e886e60, 1, 1;
L_0000016c5e889d40 .part L_0000016c5e886e60, 0, 1;
L_0000016c5e888260 .part L_0000016c5e88c180, 0, 1;
L_0000016c5e888300 .part L_0000016c5e887720, 6, 1;
L_0000016c5e8883a0 .part L_0000016c5e886e60, 6, 1;
L_0000016c5e889ac0 .part L_0000016c5e887720, 5, 1;
L_0000016c5e88a240 .part L_0000016c5e886e60, 6, 1;
L_0000016c5e888b20 .part L_0000016c5e886e60, 5, 1;
L_0000016c5e88a060 .part L_0000016c5e887720, 4, 1;
L_0000016c5e888f80 .part L_0000016c5e886e60, 6, 1;
L_0000016c5e889020 .part L_0000016c5e886e60, 5, 1;
L_0000016c5e889f20 .part L_0000016c5e886e60, 4, 1;
L_0000016c5e888440 .part L_0000016c5e887720, 3, 1;
L_0000016c5e889340 .part L_0000016c5e886e60, 6, 1;
L_0000016c5e8884e0 .part L_0000016c5e886e60, 5, 1;
L_0000016c5e887cc0 .part L_0000016c5e886e60, 4, 1;
L_0000016c5e889980 .part L_0000016c5e886e60, 3, 1;
L_0000016c5e8893e0 .part L_0000016c5e887720, 2, 1;
L_0000016c5e889480 .part L_0000016c5e886e60, 6, 1;
L_0000016c5e8895c0 .part L_0000016c5e886e60, 5, 1;
L_0000016c5e88a100 .part L_0000016c5e886e60, 4, 1;
L_0000016c5e889660 .part L_0000016c5e886e60, 3, 1;
L_0000016c5e889700 .part L_0000016c5e886e60, 2, 1;
L_0000016c5e88a2e0 .part L_0000016c5e887720, 1, 1;
L_0000016c5e8897a0 .part L_0000016c5e886e60, 6, 1;
L_0000016c5e8898e0 .part L_0000016c5e886e60, 5, 1;
L_0000016c5e887e00 .part L_0000016c5e886e60, 4, 1;
L_0000016c5e889a20 .part L_0000016c5e886e60, 3, 1;
L_0000016c5e889c00 .part L_0000016c5e886e60, 2, 1;
L_0000016c5e88a420 .part L_0000016c5e886e60, 1, 1;
L_0000016c5e887ea0 .part L_0000016c5e887720, 0, 1;
L_0000016c5e88b0a0 .part L_0000016c5e886e60, 6, 1;
L_0000016c5e88c680 .part L_0000016c5e886e60, 5, 1;
L_0000016c5e88a740 .part L_0000016c5e886e60, 4, 1;
L_0000016c5e88c5e0 .part L_0000016c5e886e60, 3, 1;
L_0000016c5e88a600 .part L_0000016c5e886e60, 2, 1;
L_0000016c5e88af60 .part L_0000016c5e886e60, 1, 1;
L_0000016c5e88c9a0 .part L_0000016c5e886e60, 0, 1;
L_0000016c5e88b1e0 .part L_0000016c5e88c180, 0, 1;
LS_0000016c5e88c180_0_0 .concat8 [ 1 1 1 1], L_0000016c5e88dfb0, L_0000016c5e88da00, L_0000016c5e88d760, L_0000016c5e88d7d0;
LS_0000016c5e88c180_0_4 .concat8 [ 1 1 1 1], L_0000016c5e88db50, L_0000016c5e88d5a0, L_0000016c5e894c80, L_0000016c5e893a90;
LS_0000016c5e88c180_0_8 .concat8 [ 1 0 0 0], L_0000016c5e89e620;
L_0000016c5e88c180 .concat8 [ 4 4 1 0], LS_0000016c5e88c180_0_0, LS_0000016c5e88c180_0_4, LS_0000016c5e88c180_0_8;
L_0000016c5e88b3c0 .part L_0000016c5e887720, 7, 1;
L_0000016c5e88cae0 .part L_0000016c5e886e60, 7, 1;
L_0000016c5e88baa0 .part L_0000016c5e887720, 6, 1;
L_0000016c5e88c720 .part L_0000016c5e886e60, 7, 1;
L_0000016c5e88cb80 .part L_0000016c5e886e60, 6, 1;
L_0000016c5e88c220 .part L_0000016c5e887720, 5, 1;
L_0000016c5e88c2c0 .part L_0000016c5e886e60, 7, 1;
L_0000016c5e88bc80 .part L_0000016c5e886e60, 6, 1;
L_0000016c5e88b280 .part L_0000016c5e886e60, 5, 1;
L_0000016c5e88bb40 .part L_0000016c5e887720, 4, 1;
L_0000016c5e88c900 .part L_0000016c5e886e60, 7, 1;
L_0000016c5e88b320 .part L_0000016c5e886e60, 6, 1;
L_0000016c5e88a880 .part L_0000016c5e886e60, 5, 1;
L_0000016c5e88ad80 .part L_0000016c5e886e60, 4, 1;
L_0000016c5e88b460 .part L_0000016c5e887720, 3, 1;
L_0000016c5e88b000 .part L_0000016c5e886e60, 7, 1;
L_0000016c5e88b500 .part L_0000016c5e886e60, 6, 1;
L_0000016c5e88c360 .part L_0000016c5e886e60, 5, 1;
L_0000016c5e88a560 .part L_0000016c5e886e60, 4, 1;
L_0000016c5e88a4c0 .part L_0000016c5e886e60, 3, 1;
L_0000016c5e88b820 .part L_0000016c5e887720, 2, 1;
L_0000016c5e88a6a0 .part L_0000016c5e886e60, 7, 1;
L_0000016c5e88ca40 .part L_0000016c5e886e60, 6, 1;
L_0000016c5e88bdc0 .part L_0000016c5e886e60, 5, 1;
L_0000016c5e88bbe0 .part L_0000016c5e886e60, 4, 1;
L_0000016c5e88b140 .part L_0000016c5e886e60, 3, 1;
L_0000016c5e88b640 .part L_0000016c5e886e60, 2, 1;
L_0000016c5e88b5a0 .part L_0000016c5e887720, 1, 1;
L_0000016c5e88aa60 .part L_0000016c5e886e60, 7, 1;
L_0000016c5e88b6e0 .part L_0000016c5e886e60, 6, 1;
L_0000016c5e88cc20 .part L_0000016c5e886e60, 5, 1;
L_0000016c5e88b780 .part L_0000016c5e886e60, 4, 1;
L_0000016c5e88a9c0 .part L_0000016c5e886e60, 3, 1;
L_0000016c5e88b8c0 .part L_0000016c5e886e60, 2, 1;
L_0000016c5e88a920 .part L_0000016c5e886e60, 1, 1;
L_0000016c5e88bd20 .part L_0000016c5e887720, 0, 1;
L_0000016c5e88c7c0 .part L_0000016c5e886e60, 7, 1;
L_0000016c5e88a7e0 .part L_0000016c5e886e60, 6, 1;
L_0000016c5e88c400 .part L_0000016c5e886e60, 5, 1;
L_0000016c5e88b960 .part L_0000016c5e886e60, 4, 1;
L_0000016c5e88be60 .part L_0000016c5e886e60, 3, 1;
L_0000016c5e88ba00 .part L_0000016c5e886e60, 2, 1;
L_0000016c5e88bf00 .part L_0000016c5e886e60, 1, 1;
L_0000016c5e88c860 .part L_0000016c5e886e60, 0, 1;
L_0000016c5e88bfa0 .part L_0000016c5e88c180, 0, 1;
L_0000016c5e88c4a0 .part L_0000016c5e88c180, 0, 8;
L_0000016c5e88c040 .part L_0000016c5e88c180, 8, 1;
S_0000016c5e6b6450 .scope module, "cell0" "mcc_cell" 4 29, 4 4 0, S_0000016c5e6b62c0;
 .timescale 0 0;
    .port_info 0 /INPUT 1 "a";
    .port_info 1 /INPUT 1 "b";
    .port_info 2 /OUTPUT 1 "g";
    .port_info 3 /OUTPUT 1 "p";
L_0000016c5e7dcec0 .functor AND 1, L_0000016c5e88ccc0, L_0000016c5e8866e0, C4<1>, C4<1>;
L_0000016c5e7dcfa0 .functor XOR 1, L_0000016c5e88ccc0, L_0000016c5e8866e0, C4<0>, C4<0>;
v0000016c5e7e7c60_0 .net "a", 0 0, L_0000016c5e88ccc0;  1 drivers
v0000016c5e7e76c0_0 .net "b", 0 0, L_0000016c5e8866e0;  1 drivers
v0000016c5e7e7800_0 .net "g", 0 0, L_0000016c5e7dcec0;  1 drivers
v0000016c5e7e8a20_0 .net "p", 0 0, L_0000016c5e7dcfa0;  1 drivers
S_0000016c5e6cbb70 .scope module, "cell1" "mcc_cell" 4 30, 4 4 0, S_0000016c5e6b62c0;
 .timescale 0 0;
    .port_info 0 /INPUT 1 "a";
    .port_info 1 /INPUT 1 "b";
    .port_info 2 /OUTPUT 1 "g";
    .port_info 3 /OUTPUT 1 "p";
L_0000016c5e7dcd70 .functor AND 1, L_0000016c5e886f00, L_0000016c5e8874a0, C4<1>, C4<1>;
L_0000016c5e7dcf30 .functor XOR 1, L_0000016c5e886f00, L_0000016c5e8874a0, C4<0>, C4<0>;
v0000016c5e7e88e0_0 .net "a", 0 0, L_0000016c5e886f00;  1 drivers
v0000016c5e7e7ee0_0 .net "b", 0 0, L_0000016c5e8874a0;  1 drivers
v0000016c5e7e87a0_0 .net "g", 0 0, L_0000016c5e7dcd70;  1 drivers
v0000016c5e7e78a0_0 .net "p", 0 0, L_0000016c5e7dcf30;  1 drivers
S_0000016c5e6cbd00 .scope module, "cell2" "mcc_cell" 4 31, 4 4 0, S_0000016c5e6b62c0;
 .timescale 0 0;
    .port_info 0 /INPUT 1 "a";
    .port_info 1 /INPUT 1 "b";
    .port_info 2 /OUTPUT 1 "g";
    .port_info 3 /OUTPUT 1 "p";
L_0000016c5e7dd010 .functor AND 1, L_0000016c5e885d80, L_0000016c5e8870e0, C4<1>, C4<1>;
L_0000016c5e7dcde0 .functor XOR 1, L_0000016c5e885d80, L_0000016c5e8870e0, C4<0>, C4<0>;
v0000016c5e7e79e0_0 .net "a", 0 0, L_0000016c5e885d80;  1 drivers
v0000016c5e7e7260_0 .net "b", 0 0, L_0000016c5e8870e0;  1 drivers
v0000016c5e7e7a80_0 .net "g", 0 0, L_0000016c5e7dd010;  1 drivers
v0000016c5e7e7300_0 .net "p", 0 0, L_0000016c5e7dcde0;  1 drivers
S_0000016c5e682ae0 .scope module, "cell3" "mcc_cell" 4 32, 4 4 0, S_0000016c5e6b62c0;
 .timescale 0 0;
    .port_info 0 /INPUT 1 "a";
    .port_info 1 /INPUT 1 "b";
    .port_info 2 /OUTPUT 1 "g";
    .port_info 3 /OUTPUT 1 "p";
L_0000016c5e88e5d0 .functor AND 1, L_0000016c5e8860a0, L_0000016c5e886be0, C4<1>, C4<1>;
L_0000016c5e88dca0 .functor XOR 1, L_0000016c5e8860a0, L_0000016c5e886be0, C4<0>, C4<0>;
v0000016c5e7e7940_0 .net "a", 0 0, L_0000016c5e8860a0;  1 drivers
v0000016c5e7e8d40_0 .net "b", 0 0, L_0000016c5e886be0;  1 drivers
v0000016c5e7e7d00_0 .net "g", 0 0, L_0000016c5e88e5d0;  1 drivers
v0000016c5e7e7da0_0 .net "p", 0 0, L_0000016c5e88dca0;  1 drivers
S_0000016c5e682c70 .scope module, "cell4" "mcc_cell" 4 33, 4 4 0, S_0000016c5e6b62c0;
 .timescale 0 0;
    .port_info 0 /INPUT 1 "a";
    .port_info 1 /INPUT 1 "b";
    .port_info 2 /OUTPUT 1 "g";
    .port_info 3 /OUTPUT 1 "p";
L_0000016c5e88dd10 .functor AND 1, L_0000016c5e887400, L_0000016c5e886aa0, C4<1>, C4<1>;
L_0000016c5e88d680 .functor XOR 1, L_0000016c5e887400, L_0000016c5e886aa0, C4<0>, C4<0>;
v0000016c5e7e73a0_0 .net "a", 0 0, L_0000016c5e887400;  1 drivers
v0000016c5e7e8840_0 .net "b", 0 0, L_0000016c5e886aa0;  1 drivers
v0000016c5e7e7f80_0 .net "g", 0 0, L_0000016c5e88dd10;  1 drivers
v0000016c5e7e8980_0 .net "p", 0 0, L_0000016c5e88d680;  1 drivers
S_0000016c5e8055e0 .scope module, "cell5" "mcc_cell" 4 34, 4 4 0, S_0000016c5e6b62c0;
 .timescale 0 0;
    .port_info 0 /INPUT 1 "a";
    .port_info 1 /INPUT 1 "b";
    .port_info 2 /OUTPUT 1 "g";
    .port_info 3 /OUTPUT 1 "p";
L_0000016c5e88df40 .functor AND 1, L_0000016c5e885ce0, L_0000016c5e8872c0, C4<1>, C4<1>;
L_0000016c5e88e3a0 .functor XOR 1, L_0000016c5e885ce0, L_0000016c5e8872c0, C4<0>, C4<0>;
v0000016c5e85c9f0_0 .net "a", 0 0, L_0000016c5e885ce0;  1 drivers
v0000016c5e85afb0_0 .net "b", 0 0, L_0000016c5e8872c0;  1 drivers
v0000016c5e85b230_0 .net "g", 0 0, L_0000016c5e88df40;  1 drivers
v0000016c5e85b730_0 .net "p", 0 0, L_0000016c5e88e3a0;  1 drivers
S_0000016c5e805770 .scope module, "cell6" "mcc_cell" 4 35, 4 4 0, S_0000016c5e6b62c0;
 .timescale 0 0;
    .port_info 0 /INPUT 1 "a";
    .port_info 1 /INPUT 1 "b";
    .port_info 2 /OUTPUT 1 "g";
    .port_info 3 /OUTPUT 1 "p";
L_0000016c5e88ea30 .functor AND 1, L_0000016c5e886000, L_0000016c5e886960, C4<1>, C4<1>;
L_0000016c5e88dd80 .functor XOR 1, L_0000016c5e886000, L_0000016c5e886960, C4<0>, C4<0>;
v0000016c5e85c1d0_0 .net "a", 0 0, L_0000016c5e886000;  1 drivers
v0000016c5e85bc30_0 .net "b", 0 0, L_0000016c5e886960;  1 drivers
v0000016c5e85cdb0_0 .net "g", 0 0, L_0000016c5e88ea30;  1 drivers
v0000016c5e85c950_0 .net "p", 0 0, L_0000016c5e88dd80;  1 drivers
S_0000016c5e805900 .scope module, "cell7" "mcc_cell" 4 36, 4 4 0, S_0000016c5e6b62c0;
 .timescale 0 0;
    .port_info 0 /INPUT 1 "a";
    .port_info 1 /INPUT 1 "b";
    .port_info 2 /OUTPUT 1 "g";
    .port_info 3 /OUTPUT 1 "p";
L_0000016c5e88d6f0 .functor AND 1, L_0000016c5e886fa0, L_0000016c5e885ec0, C4<1>, C4<1>;
L_0000016c5e88dc30 .functor XOR 1, L_0000016c5e886fa0, L_0000016c5e885ec0, C4<0>, C4<0>;
v0000016c5e85cef0_0 .net "a", 0 0, L_0000016c5e886fa0;  1 drivers
v0000016c5e85c4f0_0 .net "b", 0 0, L_0000016c5e885ec0;  1 drivers
v0000016c5e85b690_0 .net "g", 0 0, L_0000016c5e88d6f0;  1 drivers
v0000016c5e85b7d0_0 .net "p", 0 0, L_0000016c5e88dc30;  1 drivers
S_0000016c5e8064c0 .scope module, "adder_sub" "manchester_carry_adder_8bit" 3 39, 4 18 0, S_0000016c5e6d9290;
 .timescale 0 0;
    .port_info 0 /INPUT 8 "a";
    .port_info 1 /INPUT 8 "b";
    .port_info 2 /INPUT 1 "cin";
    .port_info 3 /OUTPUT 8 "sum";
    .port_info 4 /OUTPUT 1 "cout";
L_0000016c5e8a0240 .functor BUFT 1, C4<1>, C4<0>, C4<0>, C4<0>;
L_0000016c5e89f490 .functor BUFZ 1, L_0000016c5e8a0240, C4<0>, C4<0>, C4<0>;
L_0000016c5e89f880 .functor AND 1, L_0000016c5e8ea3a0, L_0000016c5e8e8b40, C4<1>, C4<1>;
L_0000016c5e89ed20 .functor OR 1, L_0000016c5e8e8aa0, L_0000016c5e89f880, C4<0>, C4<0>;
L_0000016c5e89e700 .functor AND 1, L_0000016c5e8e88c0, L_0000016c5e8e8dc0, C4<1>, C4<1>;
L_0000016c5e89f6c0 .functor OR 1, L_0000016c5e8e9ea0, L_0000016c5e89e700, C4<0>, C4<0>;
L_0000016c5e89f960 .functor AND 1, L_0000016c5e8e99a0, L_0000016c5e8e90e0, C4<1>, C4<1>;
L_0000016c5e89ec40 .functor AND 1, L_0000016c5e89f960, L_0000016c5e8ea300, C4<1>, C4<1>;
L_0000016c5e89e770 .functor OR 1, L_0000016c5e89f6c0, L_0000016c5e89ec40, C4<0>, C4<0>;
L_0000016c5e89e230 .functor AND 1, L_0000016c5e8e8e60, L_0000016c5e8e9d60, C4<1>, C4<1>;
L_0000016c5e89f500 .functor OR 1, L_0000016c5e8e94a0, L_0000016c5e89e230, C4<0>, C4<0>;
L_0000016c5e89ecb0 .functor AND 1, L_0000016c5e8ea440, L_0000016c5e8e9b80, C4<1>, C4<1>;
L_0000016c5e89fab0 .functor AND 1, L_0000016c5e89ecb0, L_0000016c5e8e8c80, C4<1>, C4<1>;
L_0000016c5e89ee00 .functor OR 1, L_0000016c5e89f500, L_0000016c5e89fab0, C4<0>, C4<0>;
L_0000016c5e89fb20 .functor AND 1, L_0000016c5e8e85a0, L_0000016c5e8e8f00, C4<1>, C4<1>;
L_0000016c5e89f8f0 .functor AND 1, L_0000016c5e89fb20, L_0000016c5e8e9540, C4<1>, C4<1>;
L_0000016c5e89ee70 .functor AND 1, L_0000016c5e89f8f0, L_0000016c5e8e9040, C4<1>, C4<1>;
L_0000016c5e89f570 .functor OR 1, L_0000016c5e89ee00, L_0000016c5e89ee70, C4<0>, C4<0>;
L_0000016c5e89e930 .functor AND 1, L_0000016c5e8e95e0, L_0000016c5e8e9400, C4<1>, C4<1>;
L_0000016c5e89f5e0 .functor OR 1, L_0000016c5e8e8280, L_0000016c5e89e930, C4<0>, C4<0>;
L_0000016c5e89fc00 .functor AND 1, L_0000016c5e8e8320, L_0000016c5e8e9860, C4<1>, C4<1>;
L_0000016c5e89fc70 .functor AND 1, L_0000016c5e89fc00, L_0000016c5e8ea8a0, C4<1>, C4<1>;
L_0000016c5e89fdc0 .functor OR 1, L_0000016c5e89f5e0, L_0000016c5e89fc70, C4<0>, C4<0>;
L_0000016c5e89e380 .functor AND 1, L_0000016c5e8e9680, L_0000016c5e8ea580, C4<1>, C4<1>;
L_0000016c5e89e460 .functor AND 1, L_0000016c5e89e380, L_0000016c5e8e97c0, C4<1>, C4<1>;
L_0000016c5e89fea0 .functor AND 1, L_0000016c5e89e460, L_0000016c5e8ea760, C4<1>, C4<1>;
L_0000016c5e89fe30 .functor OR 1, L_0000016c5e89fdc0, L_0000016c5e89fea0, C4<0>, C4<0>;
L_0000016c5e89fff0 .functor AND 1, L_0000016c5e8e9220, L_0000016c5e8ea800, C4<1>, C4<1>;
L_0000016c5e8a00d0 .functor AND 1, L_0000016c5e89fff0, L_0000016c5e8e9720, C4<1>, C4<1>;
L_0000016c5e89ff10 .functor AND 1, L_0000016c5e8a00d0, L_0000016c5e8ea940, C4<1>, C4<1>;
L_0000016c5e8a0140 .functor AND 1, L_0000016c5e89ff10, L_0000016c5e8e9c20, C4<1>, C4<1>;
L_0000016c5e89ff80 .functor OR 1, L_0000016c5e89fe30, L_0000016c5e8a0140, C4<0>, C4<0>;
L_0000016c5e8a0060 .functor AND 1, L_0000016c5e8e92c0, L_0000016c5e8ea9e0, C4<1>, C4<1>;
L_0000016c5e8fd2a0 .functor OR 1, L_0000016c5e8ea120, L_0000016c5e8a0060, C4<0>, C4<0>;
L_0000016c5e8fc5f0 .functor AND 1, L_0000016c5e8e9f40, L_0000016c5e8e8960, C4<1>, C4<1>;
L_0000016c5e8fc580 .functor AND 1, L_0000016c5e8fc5f0, L_0000016c5e8ea1c0, C4<1>, C4<1>;
L_0000016c5e8fd5b0 .functor OR 1, L_0000016c5e8fd2a0, L_0000016c5e8fc580, C4<0>, C4<0>;
L_0000016c5e8fcdd0 .functor AND 1, L_0000016c5e8e9900, L_0000016c5e8e9cc0, C4<1>, C4<1>;
L_0000016c5e8fc7b0 .functor AND 1, L_0000016c5e8fcdd0, L_0000016c5e8e83c0, C4<1>, C4<1>;
L_0000016c5e8fc2e0 .functor AND 1, L_0000016c5e8fc7b0, L_0000016c5e8e9a40, C4<1>, C4<1>;
L_0000016c5e8fc190 .functor OR 1, L_0000016c5e8fd5b0, L_0000016c5e8fc2e0, C4<0>, C4<0>;
L_0000016c5e8fc200 .functor AND 1, L_0000016c5e8e9e00, L_0000016c5e8e8460, C4<1>, C4<1>;
L_0000016c5e8fc9e0 .functor AND 1, L_0000016c5e8fc200, L_0000016c5e8e9ae0, C4<1>, C4<1>;
L_0000016c5e8fc350 .functor AND 1, L_0000016c5e8fc9e0, L_0000016c5e8e9fe0, C4<1>, C4<1>;
L_0000016c5e8fc660 .functor AND 1, L_0000016c5e8fc350, L_0000016c5e8e8500, C4<1>, C4<1>;
L_0000016c5e8fc270 .functor OR 1, L_0000016c5e8fc190, L_0000016c5e8fc660, C4<0>, C4<0>;
L_0000016c5e8fd310 .functor AND 1, L_0000016c5e8e8640, L_0000016c5e8e86e0, C4<1>, C4<1>;
L_0000016c5e8fce40 .functor AND 1, L_0000016c5e8fd310, L_0000016c5e8e8780, C4<1>, C4<1>;
L_0000016c5e8fd4d0 .functor AND 1, L_0000016c5e8fce40, L_0000016c5e8e8820, C4<1>, C4<1>;
L_0000016c5e8fbf60 .functor AND 1, L_0000016c5e8fd4d0, L_0000016c5e8e8a00, C4<1>, C4<1>;
L_0000016c5e8fcc10 .functor AND 1, L_0000016c5e8fbf60, L_0000016c5e8eb5c0, C4<1>, C4<1>;
L_0000016c5e8fceb0 .functor OR 1, L_0000016c5e8fc270, L_0000016c5e8fcc10, C4<0>, C4<0>;
L_0000016c5e8fd3f0 .functor AND 1, L_0000016c5e8eb700, L_0000016c5e8ec2e0, C4<1>, C4<1>;
L_0000016c5e8fcf20 .functor OR 1, L_0000016c5e8ecf60, L_0000016c5e8fd3f0, C4<0>, C4<0>;
L_0000016c5e8fc6d0 .functor AND 1, L_0000016c5e8eb660, L_0000016c5e8ec1a0, C4<1>, C4<1>;
L_0000016c5e8fd620 .functor AND 1, L_0000016c5e8fc6d0, L_0000016c5e8ec380, C4<1>, C4<1>;
L_0000016c5e8fda10 .functor OR 1, L_0000016c5e8fcf20, L_0000016c5e8fd620, C4<0>, C4<0>;
L_0000016c5e8fc040 .functor AND 1, L_0000016c5e8ecc40, L_0000016c5e8eaee0, C4<1>, C4<1>;
L_0000016c5e8fd460 .functor AND 1, L_0000016c5e8fc040, L_0000016c5e8ec4c0, C4<1>, C4<1>;
L_0000016c5e8fd0e0 .functor AND 1, L_0000016c5e8fd460, L_0000016c5e8ec6a0, C4<1>, C4<1>;
L_0000016c5e8fc430 .functor OR 1, L_0000016c5e8fda10, L_0000016c5e8fd0e0, C4<0>, C4<0>;
L_0000016c5e8fd690 .functor AND 1, L_0000016c5e8eab20, L_0000016c5e8eb8e0, C4<1>, C4<1>;
L_0000016c5e8fbfd0 .functor AND 1, L_0000016c5e8fd690, L_0000016c5e8eb480, C4<1>, C4<1>;
L_0000016c5e8fd380 .functor AND 1, L_0000016c5e8fbfd0, L_0000016c5e8eb020, C4<1>, C4<1>;
L_0000016c5e8fcb30 .functor AND 1, L_0000016c5e8fd380, L_0000016c5e8ebca0, C4<1>, C4<1>;
L_0000016c5e8fd930 .functor OR 1, L_0000016c5e8fc430, L_0000016c5e8fcb30, C4<0>, C4<0>;
L_0000016c5e8fd230 .functor AND 1, L_0000016c5e8ead00, L_0000016c5e8ec060, C4<1>, C4<1>;
L_0000016c5e8fd540 .functor AND 1, L_0000016c5e8fd230, L_0000016c5e8ec560, C4<1>, C4<1>;
L_0000016c5e8fd700 .functor AND 1, L_0000016c5e8fd540, L_0000016c5e8ec880, C4<1>, C4<1>;
L_0000016c5e8fc3c0 .functor AND 1, L_0000016c5e8fd700, L_0000016c5e8eb840, C4<1>, C4<1>;
L_0000016c5e8fcf90 .functor AND 1, L_0000016c5e8fc3c0, L_0000016c5e8ecba0, C4<1>, C4<1>;
L_0000016c5e8fc820 .functor OR 1, L_0000016c5e8fd930, L_0000016c5e8fcf90, C4<0>, C4<0>;
L_0000016c5e8fcac0 .functor AND 1, L_0000016c5e8ebd40, L_0000016c5e8eca60, C4<1>, C4<1>;
L_0000016c5e8fc900 .functor AND 1, L_0000016c5e8fcac0, L_0000016c5e8eb980, C4<1>, C4<1>;
L_0000016c5e8fc0b0 .functor AND 1, L_0000016c5e8fc900, L_0000016c5e8ecce0, C4<1>, C4<1>;
L_0000016c5e8fc740 .functor AND 1, L_0000016c5e8fc0b0, L_0000016c5e8eb0c0, C4<1>, C4<1>;
L_0000016c5e8fd850 .functor AND 1, L_0000016c5e8fc740, L_0000016c5e8ec740, C4<1>, C4<1>;
L_0000016c5e8fc890 .functor AND 1, L_0000016c5e8fd850, L_0000016c5e8eb160, C4<1>, C4<1>;
L_0000016c5e8fbe80 .functor OR 1, L_0000016c5e8fc820, L_0000016c5e8fc890, C4<0>, C4<0>;
L_0000016c5e8fc120 .functor AND 1, L_0000016c5e8ec7e0, L_0000016c5e8ebac0, C4<1>, C4<1>;
L_0000016c5e8fca50 .functor OR 1, L_0000016c5e8eb200, L_0000016c5e8fc120, C4<0>, C4<0>;
L_0000016c5e8fcc80 .functor AND 1, L_0000016c5e8ed0a0, L_0000016c5e8ec100, C4<1>, C4<1>;
L_0000016c5e8fc4a0 .functor AND 1, L_0000016c5e8fcc80, L_0000016c5e8ebe80, C4<1>, C4<1>;
L_0000016c5e8fd9a0 .functor OR 1, L_0000016c5e8fca50, L_0000016c5e8fc4a0, C4<0>, C4<0>;
L_0000016c5e8fc970 .functor AND 1, L_0000016c5e8eb7a0, L_0000016c5e8ec920, C4<1>, C4<1>;
L_0000016c5e8fd770 .functor AND 1, L_0000016c5e8fc970, L_0000016c5e8ebb60, C4<1>, C4<1>;
L_0000016c5e8fc510 .functor AND 1, L_0000016c5e8fd770, L_0000016c5e8ec240, C4<1>, C4<1>;
L_0000016c5e8fcba0 .functor OR 1, L_0000016c5e8fd9a0, L_0000016c5e8fc510, C4<0>, C4<0>;
L_0000016c5e8fccf0 .functor AND 1, L_0000016c5e8ec420, L_0000016c5e8ec600, C4<1>, C4<1>;
L_0000016c5e8fcd60 .functor AND 1, L_0000016c5e8fccf0, L_0000016c5e8ecd80, C4<1>, C4<1>;
L_0000016c5e8fd000 .functor AND 1, L_0000016c5e8fcd60, L_0000016c5e8eba20, C4<1>, C4<1>;
L_0000016c5e8fd070 .functor AND 1, L_0000016c5e8fd000, L_0000016c5e8eaf80, C4<1>, C4<1>;
L_0000016c5e8fd150 .functor OR 1, L_0000016c5e8fcba0, L_0000016c5e8fd070, C4<0>, C4<0>;
L_0000016c5e8fd1c0 .functor AND 1, L_0000016c5e8ec9c0, L_0000016c5e8eb2a0, C4<1>, C4<1>;
L_0000016c5e8fd7e0 .functor AND 1, L_0000016c5e8fd1c0, L_0000016c5e8eb520, C4<1>, C4<1>;
L_0000016c5e8fd8c0 .functor AND 1, L_0000016c5e8fd7e0, L_0000016c5e8ecb00, C4<1>, C4<1>;
L_0000016c5e8fbef0 .functor AND 1, L_0000016c5e8fd8c0, L_0000016c5e8ece20, C4<1>, C4<1>;
L_0000016c5e8fdd90 .functor AND 1, L_0000016c5e8fbef0, L_0000016c5e8ebf20, C4<1>, C4<1>;
L_0000016c5e8fdb60 .functor OR 1, L_0000016c5e8fd150, L_0000016c5e8fdd90, C4<0>, C4<0>;
L_0000016c5e8fde00 .functor AND 1, L_0000016c5e8ecec0, L_0000016c5e8ed000, C4<1>, C4<1>;
L_0000016c5e8fdbd0 .functor AND 1, L_0000016c5e8fde00, L_0000016c5e8eaa80, C4<1>, C4<1>;
L_0000016c5e8fde70 .functor AND 1, L_0000016c5e8fdbd0, L_0000016c5e8eb340, C4<1>, C4<1>;
L_0000016c5e8fdcb0 .functor AND 1, L_0000016c5e8fde70, L_0000016c5e8ed140, C4<1>, C4<1>;
L_0000016c5e8fdc40 .functor AND 1, L_0000016c5e8fdcb0, L_0000016c5e8ed1e0, C4<1>, C4<1>;
L_0000016c5e8fdd20 .functor AND 1, L_0000016c5e8fdc40, L_0000016c5e8ebc00, C4<1>, C4<1>;
L_0000016c5e8fda80 .functor OR 1, L_0000016c5e8fdb60, L_0000016c5e8fdd20, C4<0>, C4<0>;
L_0000016c5e8fdee0 .functor AND 1, L_0000016c5e8eabc0, L_0000016c5e8eac60, C4<1>, C4<1>;
L_0000016c5e8fdf50 .functor AND 1, L_0000016c5e8fdee0, L_0000016c5e8ebde0, C4<1>, C4<1>;
L_0000016c5e8fdfc0 .functor AND 1, L_0000016c5e8fdf50, L_0000016c5e8eb3e0, C4<1>, C4<1>;
L_0000016c5e8fe030 .functor AND 1, L_0000016c5e8fdfc0, L_0000016c5e8eada0, C4<1>, C4<1>;
L_0000016c5e8fe0a0 .functor AND 1, L_0000016c5e8fe030, L_0000016c5e8eae40, C4<1>, C4<1>;
L_0000016c5e8fe110 .functor AND 1, L_0000016c5e8fe0a0, L_0000016c5e8ebfc0, C4<1>, C4<1>;
L_0000016c5e8fdaf0 .functor AND 1, L_0000016c5e8fe110, L_0000016c5e8edfa0, C4<1>, C4<1>;
L_0000016c5e8fe180 .functor OR 1, L_0000016c5e8fda80, L_0000016c5e8fdaf0, C4<0>, C4<0>;
L_0000016c5e8fb160 .functor AND 1, L_0000016c5e8eeb80, L_0000016c5e8ee5e0, C4<1>, C4<1>;
L_0000016c5e8fa830 .functor OR 1, L_0000016c5e8ed820, L_0000016c5e8fb160, C4<0>, C4<0>;
L_0000016c5e8fb780 .functor AND 1, L_0000016c5e8eed60, L_0000016c5e8ee400, C4<1>, C4<1>;
L_0000016c5e8fa440 .functor AND 1, L_0000016c5e8fb780, L_0000016c5e8ef120, C4<1>, C4<1>;
L_0000016c5e8fb4e0 .functor OR 1, L_0000016c5e8fa830, L_0000016c5e8fa440, C4<0>, C4<0>;
L_0000016c5e8fb550 .functor AND 1, L_0000016c5e8ee180, L_0000016c5e8eeea0, C4<1>, C4<1>;
L_0000016c5e8fa7c0 .functor AND 1, L_0000016c5e8fb550, L_0000016c5e8edaa0, C4<1>, C4<1>;
L_0000016c5e8fb9b0 .functor AND 1, L_0000016c5e8fa7c0, L_0000016c5e8ee0e0, C4<1>, C4<1>;
L_0000016c5e8fa980 .functor OR 1, L_0000016c5e8fb4e0, L_0000016c5e8fb9b0, C4<0>, C4<0>;
L_0000016c5e8fb7f0 .functor AND 1, L_0000016c5e8ee220, L_0000016c5e8ed8c0, C4<1>, C4<1>;
L_0000016c5e8faf30 .functor AND 1, L_0000016c5e8fb7f0, L_0000016c5e8ee4a0, C4<1>, C4<1>;
L_0000016c5e8fb080 .functor AND 1, L_0000016c5e8faf30, L_0000016c5e8ef8a0, C4<1>, C4<1>;
L_0000016c5e8fb1d0 .functor AND 1, L_0000016c5e8fb080, L_0000016c5e8eee00, C4<1>, C4<1>;
L_0000016c5e8fafa0 .functor OR 1, L_0000016c5e8fa980, L_0000016c5e8fb1d0, C4<0>, C4<0>;
L_0000016c5e8fa280 .functor AND 1, L_0000016c5e8eddc0, L_0000016c5e8eef40, C4<1>, C4<1>;
L_0000016c5e8fb010 .functor AND 1, L_0000016c5e8fa280, L_0000016c5e8eefe0, C4<1>, C4<1>;
L_0000016c5e8fbe10 .functor AND 1, L_0000016c5e8fb010, L_0000016c5e8ef6c0, C4<1>, C4<1>;
L_0000016c5e8fb710 .functor AND 1, L_0000016c5e8fbe10, L_0000016c5e8ef080, C4<1>, C4<1>;
L_0000016c5e8fa590 .functor AND 1, L_0000016c5e8fb710, L_0000016c5e8ee040, C4<1>, C4<1>;
L_0000016c5e8fba20 .functor OR 1, L_0000016c5e8fafa0, L_0000016c5e8fa590, C4<0>, C4<0>;
L_0000016c5e8fb5c0 .functor AND 1, L_0000016c5e8ef1c0, L_0000016c5e8ee2c0, C4<1>, C4<1>;
L_0000016c5e8faec0 .functor AND 1, L_0000016c5e8fb5c0, L_0000016c5e8ef260, C4<1>, C4<1>;
L_0000016c5e8fad00 .functor AND 1, L_0000016c5e8faec0, L_0000016c5e8ee540, C4<1>, C4<1>;
L_0000016c5e8fa360 .functor AND 1, L_0000016c5e8fad00, L_0000016c5e8ef440, C4<1>, C4<1>;
L_0000016c5e8fa9f0 .functor AND 1, L_0000016c5e8fa360, L_0000016c5e8ed960, C4<1>, C4<1>;
L_0000016c5e8fbc50 .functor AND 1, L_0000016c5e8fa9f0, L_0000016c5e8ef300, C4<1>, C4<1>;
L_0000016c5e8fa6e0 .functor OR 1, L_0000016c5e8fba20, L_0000016c5e8fbc50, C4<0>, C4<0>;
L_0000016c5e8fa600 .functor AND 1, L_0000016c5e8ede60, L_0000016c5e8ed280, C4<1>, C4<1>;
L_0000016c5e8fade0 .functor AND 1, L_0000016c5e8fa600, L_0000016c5e8ef3a0, C4<1>, C4<1>;
L_0000016c5e8fae50 .functor AND 1, L_0000016c5e8fade0, L_0000016c5e8ee860, C4<1>, C4<1>;
L_0000016c5e8fb240 .functor AND 1, L_0000016c5e8fae50, L_0000016c5e8ef940, C4<1>, C4<1>;
L_0000016c5e8fb0f0 .functor AND 1, L_0000016c5e8fb240, L_0000016c5e8eea40, C4<1>, C4<1>;
L_0000016c5e8fbda0 .functor AND 1, L_0000016c5e8fb0f0, L_0000016c5e8ef4e0, C4<1>, C4<1>;
L_0000016c5e8fb6a0 .functor AND 1, L_0000016c5e8fbda0, L_0000016c5e8ee680, C4<1>, C4<1>;
L_0000016c5e8fb2b0 .functor OR 1, L_0000016c5e8fa6e0, L_0000016c5e8fb6a0, C4<0>, C4<0>;
L_0000016c5e8fb320 .functor AND 1, L_0000016c5e8edbe0, L_0000016c5e8ef580, C4<1>, C4<1>;
L_0000016c5e8fabb0 .functor AND 1, L_0000016c5e8fb320, L_0000016c5e8eeae0, C4<1>, C4<1>;
L_0000016c5e8fb390 .functor AND 1, L_0000016c5e8fabb0, L_0000016c5e8ee900, C4<1>, C4<1>;
L_0000016c5e8fbb00 .functor AND 1, L_0000016c5e8fb390, L_0000016c5e8ef800, C4<1>, C4<1>;
L_0000016c5e8fac90 .functor AND 1, L_0000016c5e8fbb00, L_0000016c5e8ef760, C4<1>, C4<1>;
L_0000016c5e8fa520 .functor AND 1, L_0000016c5e8fac90, L_0000016c5e8edf00, C4<1>, C4<1>;
L_0000016c5e8fa8a0 .functor AND 1, L_0000016c5e8fa520, L_0000016c5e8ef620, C4<1>, C4<1>;
L_0000016c5e8fba90 .functor AND 1, L_0000016c5e8fa8a0, L_0000016c5e8ef9e0, C4<1>, C4<1>;
L_0000016c5e8fb400 .functor OR 1, L_0000016c5e8fb2b0, L_0000016c5e8fba90, C4<0>, C4<0>;
L_0000016c5e8faa60 .functor XOR 8, L_0000016c5e8ea260, L_0000016c5e8eda00, C4<00000000>, C4<00000000>;
v0000016c5e872690_0 .net *"_ivl_101", 0 0, L_0000016c5e8ea300;  1 drivers
v0000016c5e872190_0 .net *"_ivl_102", 0 0, L_0000016c5e89ec40;  1 drivers
v0000016c5e872370_0 .net *"_ivl_104", 0 0, L_0000016c5e89e770;  1 drivers
v0000016c5e872410_0 .net *"_ivl_109", 0 0, L_0000016c5e8e94a0;  1 drivers
v0000016c5e8720f0_0 .net *"_ivl_111", 0 0, L_0000016c5e8e8e60;  1 drivers
v0000016c5e872550_0 .net *"_ivl_113", 0 0, L_0000016c5e8e9d60;  1 drivers
v0000016c5e8725f0_0 .net *"_ivl_114", 0 0, L_0000016c5e89e230;  1 drivers
v0000016c5e86bed0_0 .net *"_ivl_116", 0 0, L_0000016c5e89f500;  1 drivers
v0000016c5e86aa30_0 .net *"_ivl_119", 0 0, L_0000016c5e8ea440;  1 drivers
v0000016c5e86c330_0 .net *"_ivl_121", 0 0, L_0000016c5e8e9b80;  1 drivers
v0000016c5e86c650_0 .net *"_ivl_122", 0 0, L_0000016c5e89ecb0;  1 drivers
v0000016c5e86ac10_0 .net *"_ivl_125", 0 0, L_0000016c5e8e8c80;  1 drivers
v0000016c5e86ae90_0 .net *"_ivl_126", 0 0, L_0000016c5e89fab0;  1 drivers
v0000016c5e86b390_0 .net *"_ivl_128", 0 0, L_0000016c5e89ee00;  1 drivers
v0000016c5e86ce70_0 .net *"_ivl_131", 0 0, L_0000016c5e8e85a0;  1 drivers
v0000016c5e86ad50_0 .net *"_ivl_133", 0 0, L_0000016c5e8e8f00;  1 drivers
v0000016c5e86c3d0_0 .net *"_ivl_134", 0 0, L_0000016c5e89fb20;  1 drivers
v0000016c5e86b890_0 .net *"_ivl_137", 0 0, L_0000016c5e8e9540;  1 drivers
v0000016c5e86ca10_0 .net *"_ivl_138", 0 0, L_0000016c5e89f8f0;  1 drivers
v0000016c5e86c5b0_0 .net *"_ivl_141", 0 0, L_0000016c5e8e9040;  1 drivers
v0000016c5e86ab70_0 .net *"_ivl_142", 0 0, L_0000016c5e89ee70;  1 drivers
v0000016c5e86cdd0_0 .net *"_ivl_144", 0 0, L_0000016c5e89f570;  1 drivers
v0000016c5e86b250_0 .net *"_ivl_149", 0 0, L_0000016c5e8e8280;  1 drivers
v0000016c5e86b610_0 .net *"_ivl_151", 0 0, L_0000016c5e8e95e0;  1 drivers
v0000016c5e86b6b0_0 .net *"_ivl_153", 0 0, L_0000016c5e8e9400;  1 drivers
v0000016c5e86cc90_0 .net *"_ivl_154", 0 0, L_0000016c5e89e930;  1 drivers
v0000016c5e86c510_0 .net *"_ivl_156", 0 0, L_0000016c5e89f5e0;  1 drivers
v0000016c5e86a8f0_0 .net *"_ivl_159", 0 0, L_0000016c5e8e8320;  1 drivers
v0000016c5e86be30_0 .net *"_ivl_161", 0 0, L_0000016c5e8e9860;  1 drivers
v0000016c5e86ba70_0 .net *"_ivl_162", 0 0, L_0000016c5e89fc00;  1 drivers
v0000016c5e86c830_0 .net *"_ivl_165", 0 0, L_0000016c5e8ea8a0;  1 drivers
v0000016c5e86af30_0 .net *"_ivl_166", 0 0, L_0000016c5e89fc70;  1 drivers
v0000016c5e86c8d0_0 .net *"_ivl_168", 0 0, L_0000016c5e89fdc0;  1 drivers
v0000016c5e86b750_0 .net *"_ivl_171", 0 0, L_0000016c5e8e9680;  1 drivers
v0000016c5e86aad0_0 .net *"_ivl_173", 0 0, L_0000016c5e8ea580;  1 drivers
v0000016c5e86c970_0 .net *"_ivl_174", 0 0, L_0000016c5e89e380;  1 drivers
v0000016c5e86bcf0_0 .net *"_ivl_177", 0 0, L_0000016c5e8e97c0;  1 drivers
v0000016c5e86adf0_0 .net *"_ivl_178", 0 0, L_0000016c5e89e460;  1 drivers
v0000016c5e86afd0_0 .net *"_ivl_181", 0 0, L_0000016c5e8ea760;  1 drivers
v0000016c5e86b430_0 .net *"_ivl_182", 0 0, L_0000016c5e89fea0;  1 drivers
v0000016c5e86bf70_0 .net *"_ivl_184", 0 0, L_0000016c5e89fe30;  1 drivers
v0000016c5e86b570_0 .net *"_ivl_187", 0 0, L_0000016c5e8e9220;  1 drivers
v0000016c5e86c6f0_0 .net *"_ivl_189", 0 0, L_0000016c5e8ea800;  1 drivers
v0000016c5e86c010_0 .net *"_ivl_190", 0 0, L_0000016c5e89fff0;  1 drivers
v0000016c5e86c0b0_0 .net *"_ivl_193", 0 0, L_0000016c5e8e9720;  1 drivers
v0000016c5e86b7f0_0 .net *"_ivl_194", 0 0, L_0000016c5e8a00d0;  1 drivers
v0000016c5e86b930_0 .net *"_ivl_197", 0 0, L_0000016c5e8ea940;  1 drivers
v0000016c5e86b1b0_0 .net *"_ivl_198", 0 0, L_0000016c5e89ff10;  1 drivers
v0000016c5e86acb0_0 .net *"_ivl_201", 0 0, L_0000016c5e8e9c20;  1 drivers
v0000016c5e86b070_0 .net *"_ivl_202", 0 0, L_0000016c5e8a0140;  1 drivers
v0000016c5e86c150_0 .net *"_ivl_204", 0 0, L_0000016c5e89ff80;  1 drivers
v0000016c5e86b2f0_0 .net *"_ivl_209", 0 0, L_0000016c5e8ea120;  1 drivers
v0000016c5e86cab0_0 .net *"_ivl_211", 0 0, L_0000016c5e8e92c0;  1 drivers
v0000016c5e86c1f0_0 .net *"_ivl_213", 0 0, L_0000016c5e8ea9e0;  1 drivers
v0000016c5e86cb50_0 .net *"_ivl_214", 0 0, L_0000016c5e8a0060;  1 drivers
v0000016c5e86b110_0 .net *"_ivl_216", 0 0, L_0000016c5e8fd2a0;  1 drivers
v0000016c5e86cbf0_0 .net *"_ivl_219", 0 0, L_0000016c5e8e9f40;  1 drivers
v0000016c5e86cd30_0 .net *"_ivl_221", 0 0, L_0000016c5e8e8960;  1 drivers
v0000016c5e86bbb0_0 .net *"_ivl_222", 0 0, L_0000016c5e8fc5f0;  1 drivers
v0000016c5e86c790_0 .net *"_ivl_225", 0 0, L_0000016c5e8ea1c0;  1 drivers
v0000016c5e86b4d0_0 .net *"_ivl_226", 0 0, L_0000016c5e8fc580;  1 drivers
v0000016c5e86cf10_0 .net *"_ivl_228", 0 0, L_0000016c5e8fd5b0;  1 drivers
v0000016c5e86c470_0 .net *"_ivl_231", 0 0, L_0000016c5e8e9900;  1 drivers
v0000016c5e86cfb0_0 .net *"_ivl_233", 0 0, L_0000016c5e8e9cc0;  1 drivers
v0000016c5e86a850_0 .net *"_ivl_234", 0 0, L_0000016c5e8fcdd0;  1 drivers
v0000016c5e86bd90_0 .net *"_ivl_237", 0 0, L_0000016c5e8e83c0;  1 drivers
v0000016c5e86b9d0_0 .net *"_ivl_238", 0 0, L_0000016c5e8fc7b0;  1 drivers
v0000016c5e86bb10_0 .net *"_ivl_241", 0 0, L_0000016c5e8e9a40;  1 drivers
v0000016c5e86bc50_0 .net *"_ivl_242", 0 0, L_0000016c5e8fc2e0;  1 drivers
v0000016c5e86c290_0 .net *"_ivl_244", 0 0, L_0000016c5e8fc190;  1 drivers
v0000016c5e86a990_0 .net *"_ivl_247", 0 0, L_0000016c5e8e9e00;  1 drivers
v0000016c5e86da50_0 .net *"_ivl_249", 0 0, L_0000016c5e8e8460;  1 drivers
v0000016c5e86ee50_0 .net *"_ivl_250", 0 0, L_0000016c5e8fc200;  1 drivers
v0000016c5e86d7d0_0 .net *"_ivl_253", 0 0, L_0000016c5e8e9ae0;  1 drivers
v0000016c5e86d0f0_0 .net *"_ivl_254", 0 0, L_0000016c5e8fc9e0;  1 drivers
v0000016c5e86e9f0_0 .net *"_ivl_257", 0 0, L_0000016c5e8e9fe0;  1 drivers
v0000016c5e86e770_0 .net *"_ivl_258", 0 0, L_0000016c5e8fc350;  1 drivers
v0000016c5e86daf0_0 .net *"_ivl_261", 0 0, L_0000016c5e8e8500;  1 drivers
v0000016c5e86dd70_0 .net *"_ivl_262", 0 0, L_0000016c5e8fc660;  1 drivers
v0000016c5e86eb30_0 .net *"_ivl_264", 0 0, L_0000016c5e8fc270;  1 drivers
v0000016c5e86eef0_0 .net *"_ivl_267", 0 0, L_0000016c5e8e8640;  1 drivers
v0000016c5e86d410_0 .net *"_ivl_269", 0 0, L_0000016c5e8e86e0;  1 drivers
v0000016c5e86d690_0 .net *"_ivl_270", 0 0, L_0000016c5e8fd310;  1 drivers
v0000016c5e86db90_0 .net *"_ivl_273", 0 0, L_0000016c5e8e8780;  1 drivers
v0000016c5e86f670_0 .net *"_ivl_274", 0 0, L_0000016c5e8fce40;  1 drivers
v0000016c5e86d550_0 .net *"_ivl_277", 0 0, L_0000016c5e8e8820;  1 drivers
v0000016c5e86ebd0_0 .net *"_ivl_278", 0 0, L_0000016c5e8fd4d0;  1 drivers
v0000016c5e86ec70_0 .net *"_ivl_281", 0 0, L_0000016c5e8e8a00;  1 drivers
v0000016c5e86f210_0 .net *"_ivl_282", 0 0, L_0000016c5e8fbf60;  1 drivers
v0000016c5e86e950_0 .net *"_ivl_285", 0 0, L_0000016c5e8eb5c0;  1 drivers
v0000016c5e86dc30_0 .net *"_ivl_286", 0 0, L_0000016c5e8fcc10;  1 drivers
v0000016c5e86ef90_0 .net *"_ivl_288", 0 0, L_0000016c5e8fceb0;  1 drivers
v0000016c5e86dcd0_0 .net *"_ivl_293", 0 0, L_0000016c5e8ecf60;  1 drivers
v0000016c5e86ed10_0 .net *"_ivl_295", 0 0, L_0000016c5e8eb700;  1 drivers
v0000016c5e86df50_0 .net *"_ivl_297", 0 0, L_0000016c5e8ec2e0;  1 drivers
v0000016c5e86f530_0 .net *"_ivl_298", 0 0, L_0000016c5e8fd3f0;  1 drivers
v0000016c5e86e130_0 .net *"_ivl_300", 0 0, L_0000016c5e8fcf20;  1 drivers
v0000016c5e86f2b0_0 .net *"_ivl_303", 0 0, L_0000016c5e8eb660;  1 drivers
v0000016c5e86e8b0_0 .net *"_ivl_305", 0 0, L_0000016c5e8ec1a0;  1 drivers
v0000016c5e86e4f0_0 .net *"_ivl_306", 0 0, L_0000016c5e8fc6d0;  1 drivers
v0000016c5e86e630_0 .net *"_ivl_309", 0 0, L_0000016c5e8ec380;  1 drivers
v0000016c5e86e1d0_0 .net *"_ivl_310", 0 0, L_0000016c5e8fd620;  1 drivers
v0000016c5e86de10_0 .net *"_ivl_312", 0 0, L_0000016c5e8fda10;  1 drivers
v0000016c5e86f170_0 .net *"_ivl_315", 0 0, L_0000016c5e8ecc40;  1 drivers
v0000016c5e86f710_0 .net *"_ivl_317", 0 0, L_0000016c5e8eaee0;  1 drivers
v0000016c5e86f350_0 .net *"_ivl_318", 0 0, L_0000016c5e8fc040;  1 drivers
v0000016c5e86e450_0 .net *"_ivl_321", 0 0, L_0000016c5e8ec4c0;  1 drivers
v0000016c5e86e3b0_0 .net *"_ivl_322", 0 0, L_0000016c5e8fd460;  1 drivers
v0000016c5e86deb0_0 .net *"_ivl_325", 0 0, L_0000016c5e8ec6a0;  1 drivers
v0000016c5e86e270_0 .net *"_ivl_326", 0 0, L_0000016c5e8fd0e0;  1 drivers
v0000016c5e86d910_0 .net *"_ivl_328", 0 0, L_0000016c5e8fc430;  1 drivers
v0000016c5e86d5f0_0 .net *"_ivl_331", 0 0, L_0000016c5e8eab20;  1 drivers
v0000016c5e86edb0_0 .net *"_ivl_333", 0 0, L_0000016c5e8eb8e0;  1 drivers
v0000016c5e86ea90_0 .net *"_ivl_334", 0 0, L_0000016c5e8fd690;  1 drivers
v0000016c5e86e6d0_0 .net *"_ivl_337", 0 0, L_0000016c5e8eb480;  1 drivers
v0000016c5e86d730_0 .net *"_ivl_338", 0 0, L_0000016c5e8fbfd0;  1 drivers
v0000016c5e86d870_0 .net *"_ivl_341", 0 0, L_0000016c5e8eb020;  1 drivers
v0000016c5e86dff0_0 .net *"_ivl_342", 0 0, L_0000016c5e8fd380;  1 drivers
v0000016c5e86d9b0_0 .net *"_ivl_345", 0 0, L_0000016c5e8ebca0;  1 drivers
v0000016c5e86f030_0 .net *"_ivl_346", 0 0, L_0000016c5e8fcb30;  1 drivers
v0000016c5e86f7b0_0 .net *"_ivl_348", 0 0, L_0000016c5e8fd930;  1 drivers
v0000016c5e86f0d0_0 .net *"_ivl_351", 0 0, L_0000016c5e8ead00;  1 drivers
v0000016c5e86e810_0 .net *"_ivl_353", 0 0, L_0000016c5e8ec060;  1 drivers
v0000016c5e86e090_0 .net *"_ivl_354", 0 0, L_0000016c5e8fd230;  1 drivers
v0000016c5e86e310_0 .net *"_ivl_357", 0 0, L_0000016c5e8ec560;  1 drivers
v0000016c5e86e590_0 .net *"_ivl_358", 0 0, L_0000016c5e8fd540;  1 drivers
v0000016c5e86f3f0_0 .net *"_ivl_361", 0 0, L_0000016c5e8ec880;  1 drivers
v0000016c5e86f490_0 .net *"_ivl_362", 0 0, L_0000016c5e8fd700;  1 drivers
v0000016c5e86f5d0_0 .net *"_ivl_365", 0 0, L_0000016c5e8eb840;  1 drivers
v0000016c5e86d050_0 .net *"_ivl_366", 0 0, L_0000016c5e8fc3c0;  1 drivers
v0000016c5e86d190_0 .net *"_ivl_369", 0 0, L_0000016c5e8ecba0;  1 drivers
v0000016c5e86d230_0 .net *"_ivl_370", 0 0, L_0000016c5e8fcf90;  1 drivers
v0000016c5e86d2d0_0 .net *"_ivl_372", 0 0, L_0000016c5e8fc820;  1 drivers
v0000016c5e86d370_0 .net *"_ivl_375", 0 0, L_0000016c5e8ebd40;  1 drivers
v0000016c5e86d4b0_0 .net *"_ivl_377", 0 0, L_0000016c5e8eca60;  1 drivers
v0000016c5e87b3d0_0 .net *"_ivl_378", 0 0, L_0000016c5e8fcac0;  1 drivers
v0000016c5e87a6b0_0 .net *"_ivl_381", 0 0, L_0000016c5e8eb980;  1 drivers
v0000016c5e879710_0 .net *"_ivl_382", 0 0, L_0000016c5e8fc900;  1 drivers
v0000016c5e879530_0 .net *"_ivl_385", 0 0, L_0000016c5e8ecce0;  1 drivers
v0000016c5e87a250_0 .net *"_ivl_386", 0 0, L_0000016c5e8fc0b0;  1 drivers
v0000016c5e87b650_0 .net *"_ivl_389", 0 0, L_0000016c5e8eb0c0;  1 drivers
v0000016c5e87aed0_0 .net *"_ivl_390", 0 0, L_0000016c5e8fc740;  1 drivers
v0000016c5e879490_0 .net *"_ivl_393", 0 0, L_0000016c5e8ec740;  1 drivers
v0000016c5e87bab0_0 .net *"_ivl_394", 0 0, L_0000016c5e8fd850;  1 drivers
v0000016c5e87a570_0 .net *"_ivl_397", 0 0, L_0000016c5e8eb160;  1 drivers
v0000016c5e87ab10_0 .net *"_ivl_398", 0 0, L_0000016c5e8fc890;  1 drivers
v0000016c5e87a4d0_0 .net *"_ivl_400", 0 0, L_0000016c5e8fbe80;  1 drivers
v0000016c5e87b0b0_0 .net *"_ivl_405", 0 0, L_0000016c5e8eb200;  1 drivers
v0000016c5e87a930_0 .net *"_ivl_407", 0 0, L_0000016c5e8ec7e0;  1 drivers
v0000016c5e87a1b0_0 .net *"_ivl_409", 0 0, L_0000016c5e8ebac0;  1 drivers
v0000016c5e879fd0_0 .net *"_ivl_410", 0 0, L_0000016c5e8fc120;  1 drivers
v0000016c5e879e90_0 .net *"_ivl_412", 0 0, L_0000016c5e8fca50;  1 drivers
v0000016c5e87a070_0 .net *"_ivl_415", 0 0, L_0000016c5e8ed0a0;  1 drivers
v0000016c5e87b150_0 .net *"_ivl_417", 0 0, L_0000016c5e8ec100;  1 drivers
v0000016c5e87a750_0 .net *"_ivl_418", 0 0, L_0000016c5e8fcc80;  1 drivers
v0000016c5e8797b0_0 .net *"_ivl_421", 0 0, L_0000016c5e8ebe80;  1 drivers
v0000016c5e87ae30_0 .net *"_ivl_422", 0 0, L_0000016c5e8fc4a0;  1 drivers
v0000016c5e87b470_0 .net *"_ivl_424", 0 0, L_0000016c5e8fd9a0;  1 drivers
v0000016c5e87aa70_0 .net *"_ivl_427", 0 0, L_0000016c5e8eb7a0;  1 drivers
v0000016c5e87a390_0 .net *"_ivl_429", 0 0, L_0000016c5e8ec920;  1 drivers
v0000016c5e87a2f0_0 .net *"_ivl_430", 0 0, L_0000016c5e8fc970;  1 drivers
v0000016c5e879c10_0 .net *"_ivl_433", 0 0, L_0000016c5e8ebb60;  1 drivers
v0000016c5e87b6f0_0 .net *"_ivl_434", 0 0, L_0000016c5e8fd770;  1 drivers
v0000016c5e87b8d0_0 .net *"_ivl_437", 0 0, L_0000016c5e8ec240;  1 drivers
v0000016c5e87b790_0 .net *"_ivl_438", 0 0, L_0000016c5e8fc510;  1 drivers
v0000016c5e87b1f0_0 .net *"_ivl_440", 0 0, L_0000016c5e8fcba0;  1 drivers
v0000016c5e87acf0_0 .net *"_ivl_443", 0 0, L_0000016c5e8ec420;  1 drivers
v0000016c5e87b830_0 .net *"_ivl_445", 0 0, L_0000016c5e8ec600;  1 drivers
v0000016c5e87b970_0 .net *"_ivl_446", 0 0, L_0000016c5e8fccf0;  1 drivers
v0000016c5e87b290_0 .net *"_ivl_449", 0 0, L_0000016c5e8ecd80;  1 drivers
v0000016c5e87a430_0 .net *"_ivl_450", 0 0, L_0000016c5e8fcd60;  1 drivers
v0000016c5e87a110_0 .net *"_ivl_453", 0 0, L_0000016c5e8eba20;  1 drivers
v0000016c5e87a610_0 .net *"_ivl_454", 0 0, L_0000016c5e8fd000;  1 drivers
v0000016c5e87b330_0 .net *"_ivl_457", 0 0, L_0000016c5e8eaf80;  1 drivers
v0000016c5e87a7f0_0 .net *"_ivl_458", 0 0, L_0000016c5e8fd070;  1 drivers
v0000016c5e87abb0_0 .net *"_ivl_460", 0 0, L_0000016c5e8fd150;  1 drivers
v0000016c5e87a890_0 .net *"_ivl_463", 0 0, L_0000016c5e8ec9c0;  1 drivers
v0000016c5e87a9d0_0 .net *"_ivl_465", 0 0, L_0000016c5e8eb2a0;  1 drivers
v0000016c5e879a30_0 .net *"_ivl_466", 0 0, L_0000016c5e8fd1c0;  1 drivers
v0000016c5e87ac50_0 .net *"_ivl_469", 0 0, L_0000016c5e8eb520;  1 drivers
v0000016c5e87ad90_0 .net *"_ivl_470", 0 0, L_0000016c5e8fd7e0;  1 drivers
v0000016c5e87ba10_0 .net *"_ivl_473", 0 0, L_0000016c5e8ecb00;  1 drivers
v0000016c5e87af70_0 .net *"_ivl_474", 0 0, L_0000016c5e8fd8c0;  1 drivers
v0000016c5e87b510_0 .net *"_ivl_477", 0 0, L_0000016c5e8ece20;  1 drivers
v0000016c5e87b010_0 .net *"_ivl_478", 0 0, L_0000016c5e8fbef0;  1 drivers
v0000016c5e87b5b0_0 .net *"_ivl_481", 0 0, L_0000016c5e8ebf20;  1 drivers
v0000016c5e87bb50_0 .net *"_ivl_482", 0 0, L_0000016c5e8fdd90;  1 drivers
v0000016c5e87bbf0_0 .net *"_ivl_484", 0 0, L_0000016c5e8fdb60;  1 drivers
v0000016c5e879850_0 .net *"_ivl_487", 0 0, L_0000016c5e8ecec0;  1 drivers
v0000016c5e8795d0_0 .net *"_ivl_489", 0 0, L_0000016c5e8ed000;  1 drivers
v0000016c5e879f30_0 .net *"_ivl_490", 0 0, L_0000016c5e8fde00;  1 drivers
v0000016c5e8798f0_0 .net *"_ivl_493", 0 0, L_0000016c5e8eaa80;  1 drivers
v0000016c5e879670_0 .net *"_ivl_494", 0 0, L_0000016c5e8fdbd0;  1 drivers
v0000016c5e879990_0 .net *"_ivl_497", 0 0, L_0000016c5e8eb340;  1 drivers
v0000016c5e879ad0_0 .net *"_ivl_498", 0 0, L_0000016c5e8fde70;  1 drivers
v0000016c5e879b70_0 .net *"_ivl_501", 0 0, L_0000016c5e8ed140;  1 drivers
v0000016c5e879cb0_0 .net *"_ivl_502", 0 0, L_0000016c5e8fdcb0;  1 drivers
v0000016c5e879d50_0 .net *"_ivl_505", 0 0, L_0000016c5e8ed1e0;  1 drivers
v0000016c5e879df0_0 .net *"_ivl_506", 0 0, L_0000016c5e8fdc40;  1 drivers
v0000016c5e87bc90_0 .net *"_ivl_509", 0 0, L_0000016c5e8ebc00;  1 drivers
v0000016c5e87bfb0_0 .net *"_ivl_510", 0 0, L_0000016c5e8fdd20;  1 drivers
v0000016c5e87c0f0_0 .net *"_ivl_512", 0 0, L_0000016c5e8fda80;  1 drivers
v0000016c5e87c370_0 .net *"_ivl_515", 0 0, L_0000016c5e8eabc0;  1 drivers
v0000016c5e87be70_0 .net *"_ivl_517", 0 0, L_0000016c5e8eac60;  1 drivers
v0000016c5e87c2d0_0 .net *"_ivl_518", 0 0, L_0000016c5e8fdee0;  1 drivers
v0000016c5e87c230_0 .net *"_ivl_521", 0 0, L_0000016c5e8ebde0;  1 drivers
v0000016c5e87c190_0 .net *"_ivl_522", 0 0, L_0000016c5e8fdf50;  1 drivers
v0000016c5e87bd30_0 .net *"_ivl_525", 0 0, L_0000016c5e8eb3e0;  1 drivers
v0000016c5e87bdd0_0 .net *"_ivl_526", 0 0, L_0000016c5e8fdfc0;  1 drivers
v0000016c5e87bf10_0 .net *"_ivl_529", 0 0, L_0000016c5e8eada0;  1 drivers
v0000016c5e87c050_0 .net *"_ivl_530", 0 0, L_0000016c5e8fe030;  1 drivers
v0000016c5e874ad0_0 .net *"_ivl_533", 0 0, L_0000016c5e8eae40;  1 drivers
v0000016c5e874490_0 .net *"_ivl_534", 0 0, L_0000016c5e8fe0a0;  1 drivers
v0000016c5e8761f0_0 .net *"_ivl_537", 0 0, L_0000016c5e8ebfc0;  1 drivers
v0000016c5e8766f0_0 .net *"_ivl_538", 0 0, L_0000016c5e8fe110;  1 drivers
v0000016c5e874cb0_0 .net *"_ivl_541", 0 0, L_0000016c5e8edfa0;  1 drivers
v0000016c5e876470_0 .net *"_ivl_542", 0 0, L_0000016c5e8fdaf0;  1 drivers
v0000016c5e875570_0 .net *"_ivl_544", 0 0, L_0000016c5e8fe180;  1 drivers
v0000016c5e8765b0_0 .net *"_ivl_550", 0 0, L_0000016c5e8ed820;  1 drivers
v0000016c5e875890_0 .net *"_ivl_552", 0 0, L_0000016c5e8eeb80;  1 drivers
v0000016c5e876510_0 .net *"_ivl_554", 0 0, L_0000016c5e8ee5e0;  1 drivers
v0000016c5e874f30_0 .net *"_ivl_555", 0 0, L_0000016c5e8fb160;  1 drivers
v0000016c5e874a30_0 .net *"_ivl_557", 0 0, L_0000016c5e8fa830;  1 drivers
v0000016c5e8760b0_0 .net *"_ivl_560", 0 0, L_0000016c5e8eed60;  1 drivers
v0000016c5e875250_0 .net *"_ivl_562", 0 0, L_0000016c5e8ee400;  1 drivers
v0000016c5e875930_0 .net *"_ivl_563", 0 0, L_0000016c5e8fb780;  1 drivers
v0000016c5e876650_0 .net *"_ivl_566", 0 0, L_0000016c5e8ef120;  1 drivers
v0000016c5e874530_0 .net *"_ivl_567", 0 0, L_0000016c5e8fa440;  1 drivers
v0000016c5e874c10_0 .net *"_ivl_569", 0 0, L_0000016c5e8fb4e0;  1 drivers
v0000016c5e875a70_0 .net *"_ivl_572", 0 0, L_0000016c5e8ee180;  1 drivers
v0000016c5e8754d0_0 .net *"_ivl_574", 0 0, L_0000016c5e8eeea0;  1 drivers
v0000016c5e876790_0 .net *"_ivl_575", 0 0, L_0000016c5e8fb550;  1 drivers
v0000016c5e876290_0 .net *"_ivl_578", 0 0, L_0000016c5e8edaa0;  1 drivers
v0000016c5e8747b0_0 .net *"_ivl_579", 0 0, L_0000016c5e8fa7c0;  1 drivers
v0000016c5e876a10_0 .net *"_ivl_582", 0 0, L_0000016c5e8ee0e0;  1 drivers
v0000016c5e874e90_0 .net *"_ivl_583", 0 0, L_0000016c5e8fb9b0;  1 drivers
v0000016c5e8752f0_0 .net *"_ivl_585", 0 0, L_0000016c5e8fa980;  1 drivers
v0000016c5e875390_0 .net *"_ivl_588", 0 0, L_0000016c5e8ee220;  1 drivers
v0000016c5e8768d0_0 .net *"_ivl_590", 0 0, L_0000016c5e8ed8c0;  1 drivers
v0000016c5e8759d0_0 .net *"_ivl_591", 0 0, L_0000016c5e8fb7f0;  1 drivers
v0000016c5e874fd0_0 .net *"_ivl_594", 0 0, L_0000016c5e8ee4a0;  1 drivers
v0000016c5e875b10_0 .net *"_ivl_595", 0 0, L_0000016c5e8faf30;  1 drivers
v0000016c5e8756b0_0 .net *"_ivl_598", 0 0, L_0000016c5e8ef8a0;  1 drivers
v0000016c5e876830_0 .net *"_ivl_599", 0 0, L_0000016c5e8fb080;  1 drivers
v0000016c5e874b70_0 .net *"_ivl_602", 0 0, L_0000016c5e8eee00;  1 drivers
v0000016c5e876970_0 .net *"_ivl_603", 0 0, L_0000016c5e8fb1d0;  1 drivers
v0000016c5e875430_0 .net *"_ivl_605", 0 0, L_0000016c5e8fafa0;  1 drivers
v0000016c5e874710_0 .net *"_ivl_608", 0 0, L_0000016c5e8eddc0;  1 drivers
v0000016c5e876ab0_0 .net *"_ivl_610", 0 0, L_0000016c5e8eef40;  1 drivers
v0000016c5e875bb0_0 .net *"_ivl_611", 0 0, L_0000016c5e8fa280;  1 drivers
v0000016c5e874d50_0 .net *"_ivl_614", 0 0, L_0000016c5e8eefe0;  1 drivers
v0000016c5e874df0_0 .net *"_ivl_615", 0 0, L_0000016c5e8fb010;  1 drivers
v0000016c5e875070_0 .net *"_ivl_618", 0 0, L_0000016c5e8ef6c0;  1 drivers
v0000016c5e875c50_0 .net *"_ivl_619", 0 0, L_0000016c5e8fbe10;  1 drivers
v0000016c5e8751b0_0 .net *"_ivl_622", 0 0, L_0000016c5e8ef080;  1 drivers
v0000016c5e876330_0 .net *"_ivl_623", 0 0, L_0000016c5e8fb710;  1 drivers
v0000016c5e875cf0_0 .net *"_ivl_626", 0 0, L_0000016c5e8ee040;  1 drivers
v0000016c5e8745d0_0 .net *"_ivl_627", 0 0, L_0000016c5e8fa590;  1 drivers
v0000016c5e875610_0 .net *"_ivl_629", 0 0, L_0000016c5e8fba20;  1 drivers
v0000016c5e875d90_0 .net *"_ivl_632", 0 0, L_0000016c5e8ef1c0;  1 drivers
v0000016c5e875750_0 .net *"_ivl_634", 0 0, L_0000016c5e8ee2c0;  1 drivers
v0000016c5e876b50_0 .net *"_ivl_635", 0 0, L_0000016c5e8fb5c0;  1 drivers
v0000016c5e875110_0 .net *"_ivl_638", 0 0, L_0000016c5e8ef260;  1 drivers
v0000016c5e8757f0_0 .net *"_ivl_639", 0 0, L_0000016c5e8faec0;  1 drivers
v0000016c5e876bf0_0 .net *"_ivl_642", 0 0, L_0000016c5e8ee540;  1 drivers
v0000016c5e875e30_0 .net *"_ivl_643", 0 0, L_0000016c5e8fad00;  1 drivers
v0000016c5e8763d0_0 .net *"_ivl_646", 0 0, L_0000016c5e8ef440;  1 drivers
v0000016c5e875ed0_0 .net *"_ivl_647", 0 0, L_0000016c5e8fa360;  1 drivers
v0000016c5e875f70_0 .net *"_ivl_650", 0 0, L_0000016c5e8ed960;  1 drivers
v0000016c5e876010_0 .net *"_ivl_651", 0 0, L_0000016c5e8fa9f0;  1 drivers
v0000016c5e874990_0 .net *"_ivl_654", 0 0, L_0000016c5e8ef300;  1 drivers
v0000016c5e876150_0 .net *"_ivl_655", 0 0, L_0000016c5e8fbc50;  1 drivers
v0000016c5e874670_0 .net *"_ivl_657", 0 0, L_0000016c5e8fa6e0;  1 drivers
v0000016c5e874850_0 .net *"_ivl_660", 0 0, L_0000016c5e8ede60;  1 drivers
v0000016c5e8748f0_0 .net *"_ivl_662", 0 0, L_0000016c5e8ed280;  1 drivers
v0000016c5e8775f0_0 .net *"_ivl_663", 0 0, L_0000016c5e8fa600;  1 drivers
v0000016c5e876f10_0 .net *"_ivl_666", 0 0, L_0000016c5e8ef3a0;  1 drivers
v0000016c5e8770f0_0 .net *"_ivl_667", 0 0, L_0000016c5e8fade0;  1 drivers
v0000016c5e8784f0_0 .net *"_ivl_670", 0 0, L_0000016c5e8ee860;  1 drivers
v0000016c5e877730_0 .net *"_ivl_671", 0 0, L_0000016c5e8fae50;  1 drivers
v0000016c5e878e50_0 .net *"_ivl_674", 0 0, L_0000016c5e8ef940;  1 drivers
v0000016c5e878310_0 .net *"_ivl_675", 0 0, L_0000016c5e8fb240;  1 drivers
v0000016c5e878db0_0 .net *"_ivl_678", 0 0, L_0000016c5e8eea40;  1 drivers
v0000016c5e876e70_0 .net *"_ivl_679", 0 0, L_0000016c5e8fb0f0;  1 drivers
v0000016c5e878ef0_0 .net *"_ivl_682", 0 0, L_0000016c5e8ef4e0;  1 drivers
v0000016c5e8790d0_0 .net *"_ivl_683", 0 0, L_0000016c5e8fbda0;  1 drivers
v0000016c5e877ff0_0 .net *"_ivl_686", 0 0, L_0000016c5e8ee680;  1 drivers
v0000016c5e878b30_0 .net *"_ivl_687", 0 0, L_0000016c5e8fb6a0;  1 drivers
v0000016c5e877050_0 .net *"_ivl_689", 0 0, L_0000016c5e8fb2b0;  1 drivers
v0000016c5e878a90_0 .net *"_ivl_69", 0 0, L_0000016c5e89f490;  1 drivers
v0000016c5e878770_0 .net *"_ivl_692", 0 0, L_0000016c5e8edbe0;  1 drivers
v0000016c5e8793f0_0 .net *"_ivl_694", 0 0, L_0000016c5e8ef580;  1 drivers
v0000016c5e876c90_0 .net *"_ivl_695", 0 0, L_0000016c5e8fb320;  1 drivers
v0000016c5e878130_0 .net *"_ivl_698", 0 0, L_0000016c5e8eeae0;  1 drivers
v0000016c5e8774b0_0 .net *"_ivl_699", 0 0, L_0000016c5e8fabb0;  1 drivers
v0000016c5e876fb0_0 .net *"_ivl_702", 0 0, L_0000016c5e8ee900;  1 drivers
v0000016c5e8772d0_0 .net *"_ivl_703", 0 0, L_0000016c5e8fb390;  1 drivers
v0000016c5e877230_0 .net *"_ivl_706", 0 0, L_0000016c5e8ef800;  1 drivers
v0000016c5e8788b0_0 .net *"_ivl_707", 0 0, L_0000016c5e8fbb00;  1 drivers
v0000016c5e878bd0_0 .net *"_ivl_710", 0 0, L_0000016c5e8ef760;  1 drivers
v0000016c5e878090_0 .net *"_ivl_711", 0 0, L_0000016c5e8fac90;  1 drivers
v0000016c5e877d70_0 .net *"_ivl_714", 0 0, L_0000016c5e8edf00;  1 drivers
v0000016c5e877370_0 .net *"_ivl_715", 0 0, L_0000016c5e8fa520;  1 drivers
v0000016c5e877190_0 .net *"_ivl_718", 0 0, L_0000016c5e8ef620;  1 drivers
v0000016c5e8779b0_0 .net *"_ivl_719", 0 0, L_0000016c5e8fa8a0;  1 drivers
v0000016c5e8783b0_0 .net *"_ivl_722", 0 0, L_0000016c5e8ef9e0;  1 drivers
v0000016c5e877b90_0 .net *"_ivl_723", 0 0, L_0000016c5e8fba90;  1 drivers
v0000016c5e877cd0_0 .net *"_ivl_725", 0 0, L_0000016c5e8fb400;  1 drivers
v0000016c5e877690_0 .net *"_ivl_728", 7 0, L_0000016c5e8eda00;  1 drivers
v0000016c5e877410_0 .net *"_ivl_73", 0 0, L_0000016c5e8e8aa0;  1 drivers
v0000016c5e877550_0 .net *"_ivl_75", 0 0, L_0000016c5e8ea3a0;  1 drivers
v0000016c5e878590_0 .net *"_ivl_77", 0 0, L_0000016c5e8e8b40;  1 drivers
v0000016c5e8777d0_0 .net *"_ivl_78", 0 0, L_0000016c5e89f880;  1 drivers
v0000016c5e878f90_0 .net *"_ivl_80", 0 0, L_0000016c5e89ed20;  1 drivers
v0000016c5e878450_0 .net *"_ivl_85", 0 0, L_0000016c5e8e9ea0;  1 drivers
v0000016c5e879030_0 .net *"_ivl_87", 0 0, L_0000016c5e8e88c0;  1 drivers
v0000016c5e877870_0 .net *"_ivl_89", 0 0, L_0000016c5e8e8dc0;  1 drivers
v0000016c5e879170_0 .net *"_ivl_90", 0 0, L_0000016c5e89e700;  1 drivers
v0000016c5e879210_0 .net *"_ivl_92", 0 0, L_0000016c5e89f6c0;  1 drivers
v0000016c5e8781d0_0 .net *"_ivl_95", 0 0, L_0000016c5e8e99a0;  1 drivers
v0000016c5e878c70_0 .net *"_ivl_97", 0 0, L_0000016c5e8e90e0;  1 drivers
v0000016c5e877910_0 .net *"_ivl_98", 0 0, L_0000016c5e89f960;  1 drivers
v0000016c5e878d10_0 .net "a", 7 0, v0000016c5e88d080_0;  alias, 1 drivers
v0000016c5e878810_0 .net "b", 7 0, L_0000016c5e7dce50;  alias, 1 drivers
v0000016c5e876d30_0 .net "c", 8 0, L_0000016c5e8ee360;  1 drivers
v0000016c5e876dd0_0 .net "cin", 0 0, L_0000016c5e8a0240;  1 drivers
v0000016c5e877a50_0 .net "cout", 0 0, L_0000016c5e8ed320;  alias, 1 drivers
v0000016c5e877c30_0 .net "g", 7 0, L_0000016c5e8ea080;  1 drivers
v0000016c5e878270_0 .net "p", 7 0, L_0000016c5e8ea260;  1 drivers
v0000016c5e878950_0 .net "sum", 7 0, L_0000016c5e8faa60;  alias, 1 drivers
L_0000016c5e88ab00 .part v0000016c5e88d080_0, 0, 1;
L_0000016c5e88aba0 .part L_0000016c5e7dce50, 0, 1;
L_0000016c5e88c0e0 .part v0000016c5e88d080_0, 1, 1;
L_0000016c5e88c540 .part L_0000016c5e7dce50, 1, 1;
L_0000016c5e88ac40 .part v0000016c5e88d080_0, 2, 1;
L_0000016c5e88ace0 .part L_0000016c5e7dce50, 2, 1;
L_0000016c5e88ae20 .part v0000016c5e88d080_0, 3, 1;
L_0000016c5e88aec0 .part L_0000016c5e7dce50, 3, 1;
L_0000016c5e8ea6c0 .part v0000016c5e88d080_0, 4, 1;
L_0000016c5e8e9180 .part L_0000016c5e7dce50, 4, 1;
L_0000016c5e8e9360 .part v0000016c5e88d080_0, 5, 1;
L_0000016c5e8ea4e0 .part L_0000016c5e7dce50, 5, 1;
L_0000016c5e8ea620 .part v0000016c5e88d080_0, 6, 1;
L_0000016c5e8e8be0 .part L_0000016c5e7dce50, 6, 1;
L_0000016c5e8e8fa0 .part v0000016c5e88d080_0, 7, 1;
L_0000016c5e8e8d20 .part L_0000016c5e7dce50, 7, 1;
LS_0000016c5e8ea080_0_0 .concat8 [ 1 1 1 1], L_0000016c5e89f260, L_0000016c5e89f810, L_0000016c5e89f340, L_0000016c5e89f3b0;
LS_0000016c5e8ea080_0_4 .concat8 [ 1 1 1 1], L_0000016c5e89e690, L_0000016c5e89fd50, L_0000016c5e89fb90, L_0000016c5e89fa40;
L_0000016c5e8ea080 .concat8 [ 4 4 0 0], LS_0000016c5e8ea080_0_0, LS_0000016c5e8ea080_0_4;
LS_0000016c5e8ea260_0_0 .concat8 [ 1 1 1 1], L_0000016c5e89e3f0, L_0000016c5e89e7e0, L_0000016c5e89eb60, L_0000016c5e89f420;
LS_0000016c5e8ea260_0_4 .concat8 [ 1 1 1 1], L_0000016c5e89ea10, L_0000016c5e89f7a0, L_0000016c5e89f650, L_0000016c5e89ebd0;
L_0000016c5e8ea260 .concat8 [ 4 4 0 0], LS_0000016c5e8ea260_0_0, LS_0000016c5e8ea260_0_4;
L_0000016c5e8e8aa0 .part L_0000016c5e8ea080, 0, 1;
L_0000016c5e8ea3a0 .part L_0000016c5e8ea260, 0, 1;
L_0000016c5e8e8b40 .part L_0000016c5e8ee360, 0, 1;
L_0000016c5e8e9ea0 .part L_0000016c5e8ea080, 1, 1;
L_0000016c5e8e88c0 .part L_0000016c5e8ea260, 1, 1;
L_0000016c5e8e8dc0 .part L_0000016c5e8ea080, 0, 1;
L_0000016c5e8e99a0 .part L_0000016c5e8ea260, 1, 1;
L_0000016c5e8e90e0 .part L_0000016c5e8ea260, 0, 1;
L_0000016c5e8ea300 .part L_0000016c5e8ee360, 0, 1;
L_0000016c5e8e94a0 .part L_0000016c5e8ea080, 2, 1;
L_0000016c5e8e8e60 .part L_0000016c5e8ea260, 2, 1;
L_0000016c5e8e9d60 .part L_0000016c5e8ea080, 1, 1;
L_0000016c5e8ea440 .part L_0000016c5e8ea260, 2, 1;
L_0000016c5e8e9b80 .part L_0000016c5e8ea260, 1, 1;
L_0000016c5e8e8c80 .part L_0000016c5e8ea080, 0, 1;
L_0000016c5e8e85a0 .part L_0000016c5e8ea260, 2, 1;
L_0000016c5e8e8f00 .part L_0000016c5e8ea260, 1, 1;
L_0000016c5e8e9540 .part L_0000016c5e8ea260, 0, 1;
L_0000016c5e8e9040 .part L_0000016c5e8ee360, 0, 1;
L_0000016c5e8e8280 .part L_0000016c5e8ea080, 3, 1;
L_0000016c5e8e95e0 .part L_0000016c5e8ea260, 3, 1;
L_0000016c5e8e9400 .part L_0000016c5e8ea080, 2, 1;
L_0000016c5e8e8320 .part L_0000016c5e8ea260, 3, 1;
L_0000016c5e8e9860 .part L_0000016c5e8ea260, 2, 1;
L_0000016c5e8ea8a0 .part L_0000016c5e8ea080, 1, 1;
L_0000016c5e8e9680 .part L_0000016c5e8ea260, 3, 1;
L_0000016c5e8ea580 .part L_0000016c5e8ea260, 2, 1;
L_0000016c5e8e97c0 .part L_0000016c5e8ea260, 1, 1;
L_0000016c5e8ea760 .part L_0000016c5e8ea080, 0, 1;
L_0000016c5e8e9220 .part L_0000016c5e8ea260, 3, 1;
L_0000016c5e8ea800 .part L_0000016c5e8ea260, 2, 1;
L_0000016c5e8e9720 .part L_0000016c5e8ea260, 1, 1;
L_0000016c5e8ea940 .part L_0000016c5e8ea260, 0, 1;
L_0000016c5e8e9c20 .part L_0000016c5e8ee360, 0, 1;
L_0000016c5e8ea120 .part L_0000016c5e8ea080, 4, 1;
L_0000016c5e8e92c0 .part L_0000016c5e8ea260, 4, 1;
L_0000016c5e8ea9e0 .part L_0000016c5e8ea080, 3, 1;
L_0000016c5e8e9f40 .part L_0000016c5e8ea260, 4, 1;
L_0000016c5e8e8960 .part L_0000016c5e8ea260, 3, 1;
L_0000016c5e8ea1c0 .part L_0000016c5e8ea080, 2, 1;
L_0000016c5e8e9900 .part L_0000016c5e8ea260, 4, 1;
L_0000016c5e8e9cc0 .part L_0000016c5e8ea260, 3, 1;
L_0000016c5e8e83c0 .part L_0000016c5e8ea260, 2, 1;
L_0000016c5e8e9a40 .part L_0000016c5e8ea080, 1, 1;
L_0000016c5e8e9e00 .part L_0000016c5e8ea260, 4, 1;
L_0000016c5e8e8460 .part L_0000016c5e8ea260, 3, 1;
L_0000016c5e8e9ae0 .part L_0000016c5e8ea260, 2, 1;
L_0000016c5e8e9fe0 .part L_0000016c5e8ea260, 1, 1;
L_0000016c5e8e8500 .part L_0000016c5e8ea080, 0, 1;
L_0000016c5e8e8640 .part L_0000016c5e8ea260, 4, 1;
L_0000016c5e8e86e0 .part L_0000016c5e8ea260, 3, 1;
L_0000016c5e8e8780 .part L_0000016c5e8ea260, 2, 1;
L_0000016c5e8e8820 .part L_0000016c5e8ea260, 1, 1;
L_0000016c5e8e8a00 .part L_0000016c5e8ea260, 0, 1;
L_0000016c5e8eb5c0 .part L_0000016c5e8ee360, 0, 1;
L_0000016c5e8ecf60 .part L_0000016c5e8ea080, 5, 1;
L_0000016c5e8eb700 .part L_0000016c5e8ea260, 5, 1;
L_0000016c5e8ec2e0 .part L_0000016c5e8ea080, 4, 1;
L_0000016c5e8eb660 .part L_0000016c5e8ea260, 5, 1;
L_0000016c5e8ec1a0 .part L_0000016c5e8ea260, 4, 1;
L_0000016c5e8ec380 .part L_0000016c5e8ea080, 3, 1;
L_0000016c5e8ecc40 .part L_0000016c5e8ea260, 5, 1;
L_0000016c5e8eaee0 .part L_0000016c5e8ea260, 4, 1;
L_0000016c5e8ec4c0 .part L_0000016c5e8ea260, 3, 1;
L_0000016c5e8ec6a0 .part L_0000016c5e8ea080, 2, 1;
L_0000016c5e8eab20 .part L_0000016c5e8ea260, 5, 1;
L_0000016c5e8eb8e0 .part L_0000016c5e8ea260, 4, 1;
L_0000016c5e8eb480 .part L_0000016c5e8ea260, 3, 1;
L_0000016c5e8eb020 .part L_0000016c5e8ea260, 2, 1;
L_0000016c5e8ebca0 .part L_0000016c5e8ea080, 1, 1;
L_0000016c5e8ead00 .part L_0000016c5e8ea260, 5, 1;
L_0000016c5e8ec060 .part L_0000016c5e8ea260, 4, 1;
L_0000016c5e8ec560 .part L_0000016c5e8ea260, 3, 1;
L_0000016c5e8ec880 .part L_0000016c5e8ea260, 2, 1;
L_0000016c5e8eb840 .part L_0000016c5e8ea260, 1, 1;
L_0000016c5e8ecba0 .part L_0000016c5e8ea080, 0, 1;
L_0000016c5e8ebd40 .part L_0000016c5e8ea260, 5, 1;
L_0000016c5e8eca60 .part L_0000016c5e8ea260, 4, 1;
L_0000016c5e8eb980 .part L_0000016c5e8ea260, 3, 1;
L_0000016c5e8ecce0 .part L_0000016c5e8ea260, 2, 1;
L_0000016c5e8eb0c0 .part L_0000016c5e8ea260, 1, 1;
L_0000016c5e8ec740 .part L_0000016c5e8ea260, 0, 1;
L_0000016c5e8eb160 .part L_0000016c5e8ee360, 0, 1;
L_0000016c5e8eb200 .part L_0000016c5e8ea080, 6, 1;
L_0000016c5e8ec7e0 .part L_0000016c5e8ea260, 6, 1;
L_0000016c5e8ebac0 .part L_0000016c5e8ea080, 5, 1;
L_0000016c5e8ed0a0 .part L_0000016c5e8ea260, 6, 1;
L_0000016c5e8ec100 .part L_0000016c5e8ea260, 5, 1;
L_0000016c5e8ebe80 .part L_0000016c5e8ea080, 4, 1;
L_0000016c5e8eb7a0 .part L_0000016c5e8ea260, 6, 1;
L_0000016c5e8ec920 .part L_0000016c5e8ea260, 5, 1;
L_0000016c5e8ebb60 .part L_0000016c5e8ea260, 4, 1;
L_0000016c5e8ec240 .part L_0000016c5e8ea080, 3, 1;
L_0000016c5e8ec420 .part L_0000016c5e8ea260, 6, 1;
L_0000016c5e8ec600 .part L_0000016c5e8ea260, 5, 1;
L_0000016c5e8ecd80 .part L_0000016c5e8ea260, 4, 1;
L_0000016c5e8eba20 .part L_0000016c5e8ea260, 3, 1;
L_0000016c5e8eaf80 .part L_0000016c5e8ea080, 2, 1;
L_0000016c5e8ec9c0 .part L_0000016c5e8ea260, 6, 1;
L_0000016c5e8eb2a0 .part L_0000016c5e8ea260, 5, 1;
L_0000016c5e8eb520 .part L_0000016c5e8ea260, 4, 1;
L_0000016c5e8ecb00 .part L_0000016c5e8ea260, 3, 1;
L_0000016c5e8ece20 .part L_0000016c5e8ea260, 2, 1;
L_0000016c5e8ebf20 .part L_0000016c5e8ea080, 1, 1;
L_0000016c5e8ecec0 .part L_0000016c5e8ea260, 6, 1;
L_0000016c5e8ed000 .part L_0000016c5e8ea260, 5, 1;
L_0000016c5e8eaa80 .part L_0000016c5e8ea260, 4, 1;
L_0000016c5e8eb340 .part L_0000016c5e8ea260, 3, 1;
L_0000016c5e8ed140 .part L_0000016c5e8ea260, 2, 1;
L_0000016c5e8ed1e0 .part L_0000016c5e8ea260, 1, 1;
L_0000016c5e8ebc00 .part L_0000016c5e8ea080, 0, 1;
L_0000016c5e8eabc0 .part L_0000016c5e8ea260, 6, 1;
L_0000016c5e8eac60 .part L_0000016c5e8ea260, 5, 1;
L_0000016c5e8ebde0 .part L_0000016c5e8ea260, 4, 1;
L_0000016c5e8eb3e0 .part L_0000016c5e8ea260, 3, 1;
L_0000016c5e8eada0 .part L_0000016c5e8ea260, 2, 1;
L_0000016c5e8eae40 .part L_0000016c5e8ea260, 1, 1;
L_0000016c5e8ebfc0 .part L_0000016c5e8ea260, 0, 1;
L_0000016c5e8edfa0 .part L_0000016c5e8ee360, 0, 1;
LS_0000016c5e8ee360_0_0 .concat8 [ 1 1 1 1], L_0000016c5e89f490, L_0000016c5e89ed20, L_0000016c5e89e770, L_0000016c5e89f570;
LS_0000016c5e8ee360_0_4 .concat8 [ 1 1 1 1], L_0000016c5e89ff80, L_0000016c5e8fceb0, L_0000016c5e8fbe80, L_0000016c5e8fe180;
LS_0000016c5e8ee360_0_8 .concat8 [ 1 0 0 0], L_0000016c5e8fb400;
L_0000016c5e8ee360 .concat8 [ 4 4 1 0], LS_0000016c5e8ee360_0_0, LS_0000016c5e8ee360_0_4, LS_0000016c5e8ee360_0_8;
L_0000016c5e8ed820 .part L_0000016c5e8ea080, 7, 1;
L_0000016c5e8eeb80 .part L_0000016c5e8ea260, 7, 1;
L_0000016c5e8ee5e0 .part L_0000016c5e8ea080, 6, 1;
L_0000016c5e8eed60 .part L_0000016c5e8ea260, 7, 1;
L_0000016c5e8ee400 .part L_0000016c5e8ea260, 6, 1;
L_0000016c5e8ef120 .part L_0000016c5e8ea080, 5, 1;
L_0000016c5e8ee180 .part L_0000016c5e8ea260, 7, 1;
L_0000016c5e8eeea0 .part L_0000016c5e8ea260, 6, 1;
L_0000016c5e8edaa0 .part L_0000016c5e8ea260, 5, 1;
L_0000016c5e8ee0e0 .part L_0000016c5e8ea080, 4, 1;
L_0000016c5e8ee220 .part L_0000016c5e8ea260, 7, 1;
L_0000016c5e8ed8c0 .part L_0000016c5e8ea260, 6, 1;
L_0000016c5e8ee4a0 .part L_0000016c5e8ea260, 5, 1;
L_0000016c5e8ef8a0 .part L_0000016c5e8ea260, 4, 1;
L_0000016c5e8eee00 .part L_0000016c5e8ea080, 3, 1;
L_0000016c5e8eddc0 .part L_0000016c5e8ea260, 7, 1;
L_0000016c5e8eef40 .part L_0000016c5e8ea260, 6, 1;
L_0000016c5e8eefe0 .part L_0000016c5e8ea260, 5, 1;
L_0000016c5e8ef6c0 .part L_0000016c5e8ea260, 4, 1;
L_0000016c5e8ef080 .part L_0000016c5e8ea260, 3, 1;
L_0000016c5e8ee040 .part L_0000016c5e8ea080, 2, 1;
L_0000016c5e8ef1c0 .part L_0000016c5e8ea260, 7, 1;
L_0000016c5e8ee2c0 .part L_0000016c5e8ea260, 6, 1;
L_0000016c5e8ef260 .part L_0000016c5e8ea260, 5, 1;
L_0000016c5e8ee540 .part L_0000016c5e8ea260, 4, 1;
L_0000016c5e8ef440 .part L_0000016c5e8ea260, 3, 1;
L_0000016c5e8ed960 .part L_0000016c5e8ea260, 2, 1;
L_0000016c5e8ef300 .part L_0000016c5e8ea080, 1, 1;
L_0000016c5e8ede60 .part L_0000016c5e8ea260, 7, 1;
L_0000016c5e8ed280 .part L_0000016c5e8ea260, 6, 1;
L_0000016c5e8ef3a0 .part L_0000016c5e8ea260, 5, 1;
L_0000016c5e8ee860 .part L_0000016c5e8ea260, 4, 1;
L_0000016c5e8ef940 .part L_0000016c5e8ea260, 3, 1;
L_0000016c5e8eea40 .part L_0000016c5e8ea260, 2, 1;
L_0000016c5e8ef4e0 .part L_0000016c5e8ea260, 1, 1;
L_0000016c5e8ee680 .part L_0000016c5e8ea080, 0, 1;
L_0000016c5e8edbe0 .part L_0000016c5e8ea260, 7, 1;
L_0000016c5e8ef580 .part L_0000016c5e8ea260, 6, 1;
L_0000016c5e8eeae0 .part L_0000016c5e8ea260, 5, 1;
L_0000016c5e8ee900 .part L_0000016c5e8ea260, 4, 1;
L_0000016c5e8ef800 .part L_0000016c5e8ea260, 3, 1;
L_0000016c5e8ef760 .part L_0000016c5e8ea260, 2, 1;
L_0000016c5e8edf00 .part L_0000016c5e8ea260, 1, 1;
L_0000016c5e8ef620 .part L_0000016c5e8ea260, 0, 1;
L_0000016c5e8ef9e0 .part L_0000016c5e8ee360, 0, 1;
L_0000016c5e8eda00 .part L_0000016c5e8ee360, 0, 8;
L_0000016c5e8ed320 .part L_0000016c5e8ee360, 8, 1;
S_0000016c5e806650 .scope module, "cell0" "mcc_cell" 4 29, 4 4 0, S_0000016c5e8064c0;
 .timescale 0 0;
    .port_info 0 /INPUT 1 "a";
    .port_info 1 /INPUT 1 "b";
    .port_info 2 /OUTPUT 1 "g";
    .port_info 3 /OUTPUT 1 "p";
L_0000016c5e89f260 .functor AND 1, L_0000016c5e88ab00, L_0000016c5e88aba0, C4<1>, C4<1>;
L_0000016c5e89e3f0 .functor XOR 1, L_0000016c5e88ab00, L_0000016c5e88aba0, C4<0>, C4<0>;
v0000016c5e86ff30_0 .net "a", 0 0, L_0000016c5e88ab00;  1 drivers
v0000016c5e870390_0 .net "b", 0 0, L_0000016c5e88aba0;  1 drivers
v0000016c5e871e70_0 .net "g", 0 0, L_0000016c5e89f260;  1 drivers
v0000016c5e86fd50_0 .net "p", 0 0, L_0000016c5e89e3f0;  1 drivers
S_0000016c5e8067e0 .scope module, "cell1" "mcc_cell" 4 30, 4 4 0, S_0000016c5e8064c0;
 .timescale 0 0;
    .port_info 0 /INPUT 1 "a";
    .port_info 1 /INPUT 1 "b";
    .port_info 2 /OUTPUT 1 "g";
    .port_info 3 /OUTPUT 1 "p";
L_0000016c5e89f810 .functor AND 1, L_0000016c5e88c0e0, L_0000016c5e88c540, C4<1>, C4<1>;
L_0000016c5e89e7e0 .functor XOR 1, L_0000016c5e88c0e0, L_0000016c5e88c540, C4<0>, C4<0>;
v0000016c5e8713d0_0 .net "a", 0 0, L_0000016c5e88c0e0;  1 drivers
v0000016c5e870110_0 .net "b", 0 0, L_0000016c5e88c540;  1 drivers
v0000016c5e86f8f0_0 .net "g", 0 0, L_0000016c5e89f810;  1 drivers
v0000016c5e8715b0_0 .net "p", 0 0, L_0000016c5e89e7e0;  1 drivers
S_0000016c5e866fc0 .scope module, "cell2" "mcc_cell" 4 31, 4 4 0, S_0000016c5e8064c0;
 .timescale 0 0;
    .port_info 0 /INPUT 1 "a";
    .port_info 1 /INPUT 1 "b";
    .port_info 2 /OUTPUT 1 "g";
    .port_info 3 /OUTPUT 1 "p";
L_0000016c5e89f340 .functor AND 1, L_0000016c5e88ac40, L_0000016c5e88ace0, C4<1>, C4<1>;
L_0000016c5e89eb60 .functor XOR 1, L_0000016c5e88ac40, L_0000016c5e88ace0, C4<0>, C4<0>;
v0000016c5e870430_0 .net "a", 0 0, L_0000016c5e88ac40;  1 drivers
v0000016c5e8704d0_0 .net "b", 0 0, L_0000016c5e88ace0;  1 drivers
v0000016c5e871510_0 .net "g", 0 0, L_0000016c5e89f340;  1 drivers
v0000016c5e870b10_0 .net "p", 0 0, L_0000016c5e89eb60;  1 drivers
S_0000016c5e867150 .scope module, "cell3" "mcc_cell" 4 32, 4 4 0, S_0000016c5e8064c0;
 .timescale 0 0;
    .port_info 0 /INPUT 1 "a";
    .port_info 1 /INPUT 1 "b";
    .port_info 2 /OUTPUT 1 "g";
    .port_info 3 /OUTPUT 1 "p";
L_0000016c5e89f3b0 .functor AND 1, L_0000016c5e88ae20, L_0000016c5e88aec0, C4<1>, C4<1>;
L_0000016c5e89f420 .functor XOR 1, L_0000016c5e88ae20, L_0000016c5e88aec0, C4<0>, C4<0>;
v0000016c5e871830_0 .net "a", 0 0, L_0000016c5e88ae20;  1 drivers
v0000016c5e870e30_0 .net "b", 0 0, L_0000016c5e88aec0;  1 drivers
v0000016c5e8707f0_0 .net "g", 0 0, L_0000016c5e89f3b0;  1 drivers
v0000016c5e8706b0_0 .net "p", 0 0, L_0000016c5e89f420;  1 drivers
S_0000016c5e873660 .scope module, "cell4" "mcc_cell" 4 33, 4 4 0, S_0000016c5e8064c0;
 .timescale 0 0;
    .port_info 0 /INPUT 1 "a";
    .port_info 1 /INPUT 1 "b";
    .port_info 2 /OUTPUT 1 "g";
    .port_info 3 /OUTPUT 1 "p";
L_0000016c5e89e690 .functor AND 1, L_0000016c5e8ea6c0, L_0000016c5e8e9180, C4<1>, C4<1>;
L_0000016c5e89ea10 .functor XOR 1, L_0000016c5e8ea6c0, L_0000016c5e8e9180, C4<0>, C4<0>;
v0000016c5e870610_0 .net "a", 0 0, L_0000016c5e8ea6c0;  1 drivers
v0000016c5e871150_0 .net "b", 0 0, L_0000016c5e8e9180;  1 drivers
v0000016c5e8709d0_0 .net "g", 0 0, L_0000016c5e89e690;  1 drivers
v0000016c5e870a70_0 .net "p", 0 0, L_0000016c5e89ea10;  1 drivers
S_0000016c5e873020 .scope module, "cell5" "mcc_cell" 4 34, 4 4 0, S_0000016c5e8064c0;
 .timescale 0 0;
    .port_info 0 /INPUT 1 "a";
    .port_info 1 /INPUT 1 "b";
    .port_info 2 /OUTPUT 1 "g";
    .port_info 3 /OUTPUT 1 "p";
L_0000016c5e89fd50 .functor AND 1, L_0000016c5e8e9360, L_0000016c5e8ea4e0, C4<1>, C4<1>;
L_0000016c5e89f7a0 .functor XOR 1, L_0000016c5e8e9360, L_0000016c5e8ea4e0, C4<0>, C4<0>;
v0000016c5e870d90_0 .net "a", 0 0, L_0000016c5e8e9360;  1 drivers
v0000016c5e8711f0_0 .net "b", 0 0, L_0000016c5e8ea4e0;  1 drivers
v0000016c5e8718d0_0 .net "g", 0 0, L_0000016c5e89fd50;  1 drivers
v0000016c5e871290_0 .net "p", 0 0, L_0000016c5e89f7a0;  1 drivers
S_0000016c5e872850 .scope module, "cell6" "mcc_cell" 4 35, 4 4 0, S_0000016c5e8064c0;
 .timescale 0 0;
    .port_info 0 /INPUT 1 "a";
    .port_info 1 /INPUT 1 "b";
    .port_info 2 /OUTPUT 1 "g";
    .port_info 3 /OUTPUT 1 "p";
L_0000016c5e89fb90 .functor AND 1, L_0000016c5e8ea620, L_0000016c5e8e8be0, C4<1>, C4<1>;
L_0000016c5e89f650 .functor XOR 1, L_0000016c5e8ea620, L_0000016c5e8e8be0, C4<0>, C4<0>;
v0000016c5e871dd0_0 .net "a", 0 0, L_0000016c5e8ea620;  1 drivers
v0000016c5e871f10_0 .net "b", 0 0, L_0000016c5e8e8be0;  1 drivers
v0000016c5e86f990_0 .net "g", 0 0, L_0000016c5e89fb90;  1 drivers
v0000016c5e872230_0 .net "p", 0 0, L_0000016c5e89f650;  1 drivers
S_0000016c5e8734d0 .scope module, "cell7" "mcc_cell" 4 36, 4 4 0, S_0000016c5e8064c0;
 .timescale 0 0;
    .port_info 0 /INPUT 1 "a";
    .port_info 1 /INPUT 1 "b";
    .port_info 2 /OUTPUT 1 "g";
    .port_info 3 /OUTPUT 1 "p";
L_0000016c5e89fa40 .functor AND 1, L_0000016c5e8e8fa0, L_0000016c5e8e8d20, C4<1>, C4<1>;
L_0000016c5e89ebd0 .functor XOR 1, L_0000016c5e8e8fa0, L_0000016c5e8e8d20, C4<0>, C4<0>;
v0000016c5e872730_0 .net "a", 0 0, L_0000016c5e8e8fa0;  1 drivers
v0000016c5e872050_0 .net "b", 0 0, L_0000016c5e8e8d20;  1 drivers
v0000016c5e8724b0_0 .net "g", 0 0, L_0000016c5e89fa40;  1 drivers
v0000016c5e8722d0_0 .net "p", 0 0, L_0000016c5e89ebd0;  1 drivers
    .scope S_0000016c5e6d9290;
T_1 ;
    %wait E_0000016c5e7cfe40;
    %pushi/vec4 0, 0, 1;
    %store/vec4 v0000016c5e879350_0, 0, 1;
    %load/vec4 v0000016c5e877f50_0;
    %dup/vec4;
    %pushi/vec4 0, 0, 3;
    %cmp/u;
    %jmp/1 T_1.0, 6;
    %dup/vec4;
    %pushi/vec4 1, 0, 3;
    %cmp/u;
    %jmp/1 T_1.1, 6;
    %dup/vec4;
    %pushi/vec4 2, 0, 3;
    %cmp/u;
    %jmp/1 T_1.2, 6;
    %dup/vec4;
    %pushi/vec4 3, 0, 3;
    %cmp/u;
    %jmp/1 T_1.3, 6;
    %dup/vec4;
    %pushi/vec4 4, 0, 3;
    %cmp/u;
    %jmp/1 T_1.4, 6;
    %dup/vec4;
    %pushi/vec4 5, 0, 3;
    %cmp/u;
    %jmp/1 T_1.5, 6;
    %dup/vec4;
    %pushi/vec4 6, 0, 3;
    %cmp/u;
    %jmp/1 T_1.6, 6;
    %dup/vec4;
    %pushi/vec4 7, 0, 3;
    %cmp/u;
    %jmp/1 T_1.7, 6;
    %pushi/vec4 0, 0, 8;
    %store/vec4 v0000016c5e88ce00_0, 0, 8;
    %pushi/vec4 0, 0, 1;
    %store/vec4 v0000016c5e879350_0, 0, 1;
    %jmp T_1.9;
T_1.0 ;
    %load/vec4 v0000016c5e877e10_0;
    %store/vec4 v0000016c5e88ce00_0, 0, 8;
    %load/vec4 v0000016c5e877af0_0;
    %store/vec4 v0000016c5e879350_0, 0, 1;
    %jmp T_1.9;
T_1.1 ;
    %load/vec4 v0000016c5e88cd60_0;
    %store/vec4 v0000016c5e88ce00_0, 0, 8;
    %load/vec4 v0000016c5e88cfe0_0;
    %store/vec4 v0000016c5e879350_0, 0, 1;
    %jmp T_1.9;
T_1.2 ;
    %load/vec4 v0000016c5e8789f0_0;
    %load/vec4 v0000016c5e878630_0;
    %and;
    %store/vec4 v0000016c5e88ce00_0, 0, 8;
    %pushi/vec4 0, 0, 1;
    %store/vec4 v0000016c5e879350_0, 0, 1;
    %jmp T_1.9;
T_1.3 ;
    %load/vec4 v0000016c5e8789f0_0;
    %load/vec4 v0000016c5e878630_0;
    %or;
    %store/vec4 v0000016c5e88ce00_0, 0, 8;
    %pushi/vec4 0, 0, 1;
    %store/vec4 v0000016c5e879350_0, 0, 1;
    %jmp T_1.9;
T_1.4 ;
    %load/vec4 v0000016c5e8789f0_0;
    %load/vec4 v0000016c5e878630_0;
    %xor;
    %store/vec4 v0000016c5e88ce00_0, 0, 8;
    %pushi/vec4 0, 0, 1;
    %store/vec4 v0000016c5e879350_0, 0, 1;
    %jmp T_1.9;
T_1.5 ;
    %load/vec4 v0000016c5e8789f0_0;
    %inv;
    %store/vec4 v0000016c5e88ce00_0, 0, 8;
    %pushi/vec4 0, 0, 1;
    %store/vec4 v0000016c5e879350_0, 0, 1;
    %jmp T_1.9;
T_1.6 ;
    %load/vec4 v0000016c5e8789f0_0;
    %ix/load 4, 1, 0;
    %flag_set/imm 4, 0;
    %shiftl 4;
    %store/vec4 v0000016c5e88ce00_0, 0, 8;
    %load/vec4 v0000016c5e8789f0_0;
    %parti/s 1, 7, 4;
    %store/vec4 v0000016c5e879350_0, 0, 1;
    %jmp T_1.9;
T_1.7 ;
    %load/vec4 v0000016c5e8789f0_0;
    %ix/load 4, 1, 0;
    %flag_set/imm 4, 0;
    %shiftr 4;
    %store/vec4 v0000016c5e88ce00_0, 0, 8;
    %load/vec4 v0000016c5e8789f0_0;
    %parti/s 1, 0, 2;
    %store/vec4 v0000016c5e879350_0, 0, 1;
    %jmp T_1.9;
T_1.9 ;
    %pop/vec4 1;
    %jmp T_1;
    .thread T_1, $push;
    .scope S_0000016c5e804830;
T_2 ;
    %vpi_call 2 37 "$display", "============================================" {0 0 0};
    %vpi_call 2 38 "$display", "   8-bit ALU Simulation - ChipMIT 2026    " {0 0 0};
    %vpi_call 2 39 "$display", "============================================" {0 0 0};
    %pushi/vec4 45, 0, 8;
    %store/vec4 v0000016c5e88d080_0, 0, 8;
    %pushi/vec4 30, 0, 8;
    %store/vec4 v0000016c5e88cf40_0, 0, 8;
    %pushi/vec4 0, 0, 3;
    %store/vec4 v0000016c5e88d260_0, 0, 3;
    %delay 10000, 0;
    %vpi_call 2 43 "$display", "ADD  | A=%0d + B=%0d = %0d | Carry=%b | Zero=%b", v0000016c5e88d080_0, v0000016c5e88cf40_0, v0000016c5e88d300_0, v0000016c5e88d1c0_0, v0000016c5e88d3a0_0 {0 0 0};
    %pushi/vec4 200, 0, 8;
    %store/vec4 v0000016c5e88d080_0, 0, 8;
    %pushi/vec4 100, 0, 8;
    %store/vec4 v0000016c5e88cf40_0, 0, 8;
    %pushi/vec4 0, 0, 3;
    %store/vec4 v0000016c5e88d260_0, 0, 3;
    %delay 10000, 0;
    %vpi_call 2 47 "$display", "ADD  | A=%0d + B=%0d = %0d | Carry=%b (overflow!)", v0000016c5e88d080_0, v0000016c5e88cf40_0, v0000016c5e88d300_0, v0000016c5e88d1c0_0 {0 0 0};
    %pushi/vec4 50, 0, 8;
    %store/vec4 v0000016c5e88d080_0, 0, 8;
    %pushi/vec4 20, 0, 8;
    %store/vec4 v0000016c5e88cf40_0, 0, 8;
    %pushi/vec4 1, 0, 3;
    %store/vec4 v0000016c5e88d260_0, 0, 3;
    %delay 10000, 0;
    %vpi_call 2 51 "$display", "SUB  | A=%0d - B=%0d = %0d | Carry=%b", v0000016c5e88d080_0, v0000016c5e88cf40_0, v0000016c5e88d300_0, v0000016c5e88d1c0_0 {0 0 0};
    %pushi/vec4 25, 0, 8;
    %store/vec4 v0000016c5e88d080_0, 0, 8;
    %pushi/vec4 25, 0, 8;
    %store/vec4 v0000016c5e88cf40_0, 0, 8;
    %pushi/vec4 1, 0, 3;
    %store/vec4 v0000016c5e88d260_0, 0, 3;
    %delay 10000, 0;
    %vpi_call 2 55 "$display", "SUB  | A=%0d - B=%0d = %0d | Zero=%b", v0000016c5e88d080_0, v0000016c5e88cf40_0, v0000016c5e88d300_0, v0000016c5e88d3a0_0 {0 0 0};
    %pushi/vec4 204, 0, 8;
    %store/vec4 v0000016c5e88d080_0, 0, 8;
    %pushi/vec4 170, 0, 8;
    %store/vec4 v0000016c5e88cf40_0, 0, 8;
    %pushi/vec4 2, 0, 3;
    %store/vec4 v0000016c5e88d260_0, 0, 3;
    %delay 10000, 0;
    %vpi_call 2 59 "$display", "AND  | A=%b & B=%b = %b", v0000016c5e88d080_0, v0000016c5e88cf40_0, v0000016c5e88d300_0 {0 0 0};
    %pushi/vec4 204, 0, 8;
    %store/vec4 v0000016c5e88d080_0, 0, 8;
    %pushi/vec4 170, 0, 8;
    %store/vec4 v0000016c5e88cf40_0, 0, 8;
    %pushi/vec4 3, 0, 3;
    %store/vec4 v0000016c5e88d260_0, 0, 3;
    %delay 10000, 0;
    %vpi_call 2 63 "$display", "OR   | A=%b | B=%b = %b", v0000016c5e88d080_0, v0000016c5e88cf40_0, v0000016c5e88d300_0 {0 0 0};
    %pushi/vec4 204, 0, 8;
    %store/vec4 v0000016c5e88d080_0, 0, 8;
    %pushi/vec4 170, 0, 8;
    %store/vec4 v0000016c5e88cf40_0, 0, 8;
    %pushi/vec4 4, 0, 3;
    %store/vec4 v0000016c5e88d260_0, 0, 3;
    %delay 10000, 0;
    %vpi_call 2 67 "$display", "XOR  | A=%b ^ B=%b = %b", v0000016c5e88d080_0, v0000016c5e88cf40_0, v0000016c5e88d300_0 {0 0 0};
    %pushi/vec4 204, 0, 8;
    %store/vec4 v0000016c5e88d080_0, 0, 8;
    %pushi/vec4 5, 0, 3;
    %store/vec4 v0000016c5e88d260_0, 0, 3;
    %delay 10000, 0;
    %vpi_call 2 71 "$display", "NOT  | ~A=%b = %b", v0000016c5e88d080_0, v0000016c5e88d300_0 {0 0 0};
    %pushi/vec4 5, 0, 8;
    %store/vec4 v0000016c5e88d080_0, 0, 8;
    %pushi/vec4 6, 0, 3;
    %store/vec4 v0000016c5e88d260_0, 0, 3;
    %delay 10000, 0;
    %vpi_call 2 75 "$display", "SHL  | A=%0d << 1 = %0d | Carry(MSB)=%b", v0000016c5e88d080_0, v0000016c5e88d300_0, v0000016c5e88d1c0_0 {0 0 0};
    %pushi/vec4 20, 0, 8;
    %store/vec4 v0000016c5e88d080_0, 0, 8;
    %pushi/vec4 7, 0, 3;
    %store/vec4 v0000016c5e88d260_0, 0, 3;
    %delay 10000, 0;
    %vpi_call 2 79 "$display", "SHR  | A=%0d >> 1 = %0d | Carry(LSB)=%b", v0000016c5e88d080_0, v0000016c5e88d300_0, v0000016c5e88d1c0_0 {0 0 0};
    %vpi_call 2 81 "$display", "============================================" {0 0 0};
    %vpi_call 2 82 "$display", "        Simulation Complete!               " {0 0 0};
    %vpi_call 2 83 "$display", "============================================" {0 0 0};
    %vpi_call 2 85 "$finish" {0 0 0};
    %end;
    .thread T_2;
    .scope S_0000016c5e804830;
T_3 ;
    %vpi_call 2 90 "$dumpfile", "alu_sim.vcd" {0 0 0};
    %vpi_call 2 91 "$dumpvars", 32'sb00000000000000000000000000000000, S_0000016c5e804830 {0 0 0};
    %end;
    .thread T_3;
# The file index is used to find the file name in the following table.
:file_names 5;
    "N/A";
    "<interactive>";
    "tb_alu_8bit.v";
    "alu_8bit.v";
    "manchester_carry_adder.v";
